CREATE DATABASE  IF NOT EXISTS `gx` /*!40100 DEFAULT CHARACTER SET utf8 */;
USE `gx`;
-- MySQL dump 10.13  Distrib 5.6.11, for Win32 (x86)
--
-- Host: 127.0.0.1    Database: gx
-- ------------------------------------------------------
-- Server version	5.6.24

/*!40101 SET @OLD_CHARACTER_SET_CLIENT=@@CHARACTER_SET_CLIENT */;
/*!40101 SET @OLD_CHARACTER_SET_RESULTS=@@CHARACTER_SET_RESULTS */;
/*!40101 SET @OLD_COLLATION_CONNECTION=@@COLLATION_CONNECTION */;
/*!40101 SET NAMES utf8 */;
/*!40103 SET @OLD_TIME_ZONE=@@TIME_ZONE */;
/*!40103 SET TIME_ZONE='+00:00' */;
/*!40014 SET @OLD_UNIQUE_CHECKS=@@UNIQUE_CHECKS, UNIQUE_CHECKS=0 */;
/*!40014 SET @OLD_FOREIGN_KEY_CHECKS=@@FOREIGN_KEY_CHECKS, FOREIGN_KEY_CHECKS=0 */;
/*!40101 SET @OLD_SQL_MODE=@@SQL_MODE, SQL_MODE='NO_AUTO_VALUE_ON_ZERO' */;
/*!40111 SET @OLD_SQL_NOTES=@@SQL_NOTES, SQL_NOTES=0 */;

--
-- Table structure for table `brand`
--

DROP TABLE IF EXISTS `brand`;
/*!40101 SET @saved_cs_client     = @@character_set_client */;
/*!40101 SET character_set_client = utf8 */;
CREATE TABLE `brand` (
  `brand_id` smallint(5) unsigned NOT NULL AUTO_INCREMENT COMMENT '品牌id',
  `brand_name` varchar(255) DEFAULT NULL COMMENT '品牌名称',
  `brand_l_name` char(8) DEFAULT NULL COMMENT '品牌首字母缩写',
  `letter_order` tinyint(4) DEFAULT NULL COMMENT '字母排序',
  `brand_logo` varchar(255) DEFAULT NULL COMMENT 'logo',
  `status` tinyint(3) unsigned DEFAULT NULL COMMENT '状态 1-启用 0-删除',
  `add_time` int(10) unsigned DEFAULT NULL COMMENT '添加时间',
  `update_time` int(10) unsigned NOT NULL DEFAULT '0' COMMENT '修改时间',
  PRIMARY KEY (`brand_id`)
) ENGINE=InnoDB AUTO_INCREMENT=102 DEFAULT CHARSET=utf8;
/*!40101 SET character_set_client = @saved_cs_client */;

--
-- Dumping data for table `brand`
--

LOCK TABLES `brand` WRITE;
/*!40000 ALTER TABLE `brand` DISABLE KEYS */;
INSERT INTO `brand` VALUES (51,'品牌测试1',NULL,NULL,NULL,1,1485098885,0),(52,'品牌测试2',NULL,NULL,NULL,1,1485098885,0),(53,'品牌测试3',NULL,NULL,NULL,1,1485098885,0),(54,'品牌测试4',NULL,NULL,NULL,1,1485098885,0),(55,'品牌测试5',NULL,NULL,NULL,1,1485098885,0),(56,'品牌测试6',NULL,NULL,NULL,1,1485098885,0),(57,'品牌测试7',NULL,NULL,NULL,1,1485098885,0),(58,'品牌测试8',NULL,NULL,NULL,1,1485098885,0),(59,'品牌测试9',NULL,NULL,NULL,1,1485098885,0),(60,'品牌测试10',NULL,NULL,NULL,1,1485098885,0),(61,'品牌测试11',NULL,NULL,NULL,1,1485098885,0),(62,'品牌测试12',NULL,NULL,NULL,1,1485098885,0),(63,'品牌测试13',NULL,NULL,NULL,1,1485098885,0),(64,'品牌测试14',NULL,NULL,NULL,1,1485098885,0),(65,'品牌测试15',NULL,NULL,NULL,1,1485098885,0),(66,'品牌测试16',NULL,NULL,NULL,1,1485098885,0),(67,'品牌测试17',NULL,NULL,NULL,1,1485098885,0),(68,'品牌测试18',NULL,NULL,NULL,1,1485098885,0),(69,'品牌测试19',NULL,NULL,NULL,1,1485098885,0),(70,'品牌测试20',NULL,NULL,NULL,1,1485098885,0),(71,'品牌测试21',NULL,NULL,NULL,1,1485098885,0),(72,'品牌测试22',NULL,NULL,NULL,1,1485098885,0),(73,'品牌测试23',NULL,NULL,NULL,1,1485098885,0),(74,'品牌测试24',NULL,NULL,NULL,1,1485098885,0),(75,'品牌测试25',NULL,NULL,NULL,1,1485098885,0),(76,'品牌测试26',NULL,NULL,NULL,1,1485098885,0),(77,'品牌测试27',NULL,NULL,NULL,1,1485098885,0),(78,'品牌测试28',NULL,NULL,NULL,1,1485098885,0),(79,'品牌测试29',NULL,NULL,NULL,1,1485098885,0),(80,'品牌测试30',NULL,NULL,NULL,1,1485098885,0),(81,'品牌测试31',NULL,NULL,NULL,1,1485098885,0),(82,'品牌测试32',NULL,NULL,NULL,1,1485098885,0),(83,'品牌测试33',NULL,NULL,NULL,1,1485098885,0),(84,'品牌测试34',NULL,NULL,NULL,1,1485098885,0),(85,'品牌测试35',NULL,NULL,NULL,1,1485098885,0),(86,'品牌测试36',NULL,NULL,NULL,1,1485098885,0),(87,'品牌测试37',NULL,NULL,NULL,1,1485098885,0),(88,'品牌测试38',NULL,NULL,NULL,1,1485098885,0),(89,'品牌测试39',NULL,NULL,NULL,1,1485098885,0),(90,'品牌测试40',NULL,NULL,NULL,1,1485098885,0),(91,'品牌测试41',NULL,NULL,NULL,1,1485098885,0),(92,'品牌测试42',NULL,NULL,NULL,1,1485098885,0),(93,'品牌测试43',NULL,NULL,NULL,1,1485098885,0),(94,'品牌测试44',NULL,NULL,NULL,1,1485098885,0),(95,'品牌测试45',NULL,NULL,NULL,1,1485098885,0),(96,'品牌测试46',NULL,NULL,NULL,1,1485098885,0),(97,'品牌测试47',NULL,NULL,NULL,1,1485098885,0),(98,'品牌测试48',NULL,NULL,NULL,1,1485098885,0),(99,'品牌测试49哈哈',NULL,NULL,NULL,1,1485098885,1485098967),(100,'品牌测试50',NULL,NULL,NULL,0,1485098885,1485098922),(101,'虽说是23',NULL,NULL,NULL,1,1485099083,1485140575);
/*!40000 ALTER TABLE `brand` ENABLE KEYS */;
UNLOCK TABLES;

--
-- Table structure for table `c_category`
--

DROP TABLE IF EXISTS `c_category`;
/*!40101 SET @saved_cs_client     = @@character_set_client */;
/*!40101 SET character_set_client = utf8 */;
CREATE TABLE `c_category` (
  `c_category_id` smallint(5) unsigned NOT NULL AUTO_INCREMENT COMMENT '小类id',
  `p_category_id` tinyint(3) unsigned NOT NULL COMMENT '关联[大类]id',
  `c_category_name` varchar(255) NOT NULL COMMENT '小类名称',
  `c_category_price` decimal(8,2) NOT NULL DEFAULT '0.00' COMMENT '小类价格',
  `order_id` int(11) NOT NULL DEFAULT '0' COMMENT '排序id',
  `icon_name` varchar(255) NOT NULL DEFAULT '' COMMENT '图标',
  `status` tinyint(3) NOT NULL DEFAULT '1' COMMENT '状态 1-启用 0-删除',
  `add_time` int(10) unsigned NOT NULL DEFAULT '0' COMMENT '添加时间',
  `update_time` int(10) unsigned NOT NULL DEFAULT '0' COMMENT '修改时间',
  PRIMARY KEY (`c_category_id`)
) ENGINE=InnoDB AUTO_INCREMENT=35 DEFAULT CHARSET=utf8;
/*!40101 SET character_set_client = @saved_cs_client */;

--
-- Dumping data for table `c_category`
--

LOCK TABLES `c_category` WRITE;
/*!40000 ALTER TABLE `c_category` DISABLE KEYS */;
INSERT INTO `c_category` VALUES (1,1,'裤子类',12.23,0,'',1,0,1484852740),(2,1,'1分段地方高分段',12.22,0,'',1,1484745656,1484852737),(3,1,'的非官方的观点',12.22,0,'',1,1484745726,1484852735),(4,1,'3大法官',12.22,0,'',1,1484745800,1484852731),(5,1,'分段高',12.22,0,'',1,1484745929,1484852729),(6,10,'裤子类',32.00,0,'',0,1484746327,1485614226),(7,12,'asdsa',34.00,0,'',1,1484853917,0),(8,12,'的v',66.00,0,'',1,1484912054,1484916369),(9,11,'辅导费低分段',324.00,0,'',1,1484916382,0),(10,1,'去球机',20.00,0,'',1,1485518763,0),(11,15,'女士时装',10.00,0,'',1,1485613294,0),(12,15,'睡衣裤',10.00,0,'',1,1485613294,0),(13,15,'牛仔衣',10.00,0,'',1,1485613294,0),(14,15,'呢上衣',10.00,0,'',1,1485613294,0),(15,15,'棉衣（长）',10.00,0,'',1,1485613294,0),(16,15,'棉衣（中）',10.00,0,'',1,1485613294,0),(17,15,'棉衣（短）',10.00,0,'',1,1485613294,0),(18,15,'大衣（长）',10.00,0,'',1,1485613294,0),(19,15,'大衣（中长）',10.00,0,'',1,1485613294,0),(20,15,'大衣（短）',10.00,0,'',1,1485613294,0),(21,15,'羽绒背心',10.00,0,'',1,1485613294,0),(22,15,'羽绒衫（特长）',10.00,0,'',1,1485613294,0),(23,15,'羽绒衫（长）',10.00,0,'',1,1485613294,0),(24,15,'羽绒衫',10.00,0,'',1,1485613294,0),(25,15,'风衣（长）',10.00,0,'',1,1485613294,0),(26,15,'风衣（中）',10.00,0,'',1,1485613294,0),(27,15,'风衣（短）',10.00,0,'',1,1485613294,0),(28,15,'夹克衫（棉）',10.00,0,'',1,1485613294,0),(29,15,'男派克（休闲）',10.00,0,'',1,1485613294,0),(30,15,'西装',123.33,0,'',1,1485613294,1485778721),(31,15,'张飞',0.00,0,'',0,1485649641,1485650108),(32,15,'刘备',0.00,0,'',0,1485649641,1485650104),(33,15,'裤子类张飞',0.00,0,'',0,1485649751,1485650101),(34,15,'裤子类刘备',0.00,0,'',0,1485649831,1485650097);
/*!40000 ALTER TABLE `c_category` ENABLE KEYS */;
UNLOCK TABLES;

--
-- Table structure for table `chuli`
--

DROP TABLE IF EXISTS `chuli`;
/*!40101 SET @saved_cs_client     = @@character_set_client */;
/*!40101 SET character_set_client = utf8 */;
CREATE TABLE `chuli` (
  `chuli_id` tinyint(3) unsigned NOT NULL AUTO_INCREMENT COMMENT '衣物处理id',
  `chuli_name` varchar(255) NOT NULL DEFAULT '' COMMENT '衣物处理名称',
  `chuli_price` decimal(8,2) NOT NULL DEFAULT '0.00' COMMENT '衣物处理价格',
  `status` tinyint(3) NOT NULL DEFAULT '1' COMMENT '状态 1-启用 0-删除',
  `add_time` int(10) unsigned NOT NULL DEFAULT '0' COMMENT '添加时间',
  `update_time` int(10) unsigned NOT NULL DEFAULT '0' COMMENT '修改时间',
  PRIMARY KEY (`chuli_id`)
) ENGINE=InnoDB AUTO_INCREMENT=53 DEFAULT CHARSET=utf8;
/*!40101 SET character_set_client = @saved_cs_client */;

--
-- Dumping data for table `chuli`
--

LOCK TABLES `chuli` WRITE;
/*!40000 ALTER TABLE `chuli` DISABLE KEYS */;
INSERT INTO `chuli` VALUES (1,'给对方',0.00,0,1485100203,1485100208),(2,'特殊处理测试1',0.00,1,1485100213,0),(3,'特殊处理测试2',0.00,1,1485100213,0),(4,'特殊处理测试3',0.00,1,1485100213,0),(5,'特殊处理测试4',0.00,1,1485100213,0),(6,'特殊处理测试5',0.00,1,1485100213,0),(7,'特殊处理测试6',0.00,1,1485100213,0),(8,'特殊处理测试7',0.00,1,1485100213,0),(9,'特殊处理测试8',0.00,1,1485100213,0),(10,'特殊处理测试9',0.00,1,1485100213,0),(11,'特殊处理测试10',0.00,1,1485100213,0),(12,'特殊处理测试11',0.00,1,1485100213,0),(13,'特殊处理测试12',0.00,1,1485100213,0),(14,'特殊处理测试13',0.00,1,1485100213,0),(15,'特殊处理测试14',0.00,1,1485100213,0),(16,'特殊处理测试15',0.00,1,1485100213,0),(17,'特殊处理测试16',0.00,1,1485100213,0),(18,'特殊处理测试17',0.00,1,1485100213,0),(19,'特殊处理测试18',0.00,1,1485100213,0),(20,'特殊处理测试19',0.00,1,1485100213,0),(21,'特殊处理测试20',0.00,1,1485100213,0),(22,'特殊处理测试21',0.00,1,1485100213,0),(23,'特殊处理测试22',0.00,1,1485100213,0),(24,'特殊处理测试23',0.00,1,1485100213,0),(25,'特殊处理测试24',0.00,1,1485100213,0),(26,'特殊处理测试25',0.00,1,1485100213,0),(27,'特殊处理测试26',0.00,1,1485100213,0),(28,'特殊处理测试27',0.00,1,1485100213,0),(29,'特殊处理测试28',0.00,1,1485100213,0),(30,'特殊处理测试29',0.00,1,1485100213,0),(31,'特殊处理测试30',0.00,1,1485100213,0),(32,'特殊处理测试31',0.00,1,1485100213,0),(33,'特殊处理测试32',0.00,1,1485100213,0),(34,'特殊处理测试33',0.00,1,1485100213,0),(35,'特殊处理测试34',0.00,1,1485100213,0),(36,'特殊处理测试35',0.00,1,1485100213,0),(37,'特殊处理测试36',0.00,1,1485100213,0),(38,'特殊处理测试37',0.00,1,1485100213,0),(39,'特殊处理测试38',0.00,1,1485100213,0),(40,'特殊处理测试39',0.00,1,1485100213,0),(41,'特殊处理测试40',0.00,1,1485100213,0),(42,'特殊处理测试41',0.00,1,1485100213,0),(43,'特殊处理测试42',0.00,1,1485100213,0),(44,'特殊处理测试43',0.00,1,1485100213,0),(45,'特殊处理测试44',0.00,1,1485100213,0),(46,'特殊处理测试45',0.00,1,1485100213,0),(47,'特殊处理测试46',0.00,1,1485100213,0),(48,'特殊处理测试47',0.00,1,1485100213,0),(49,'特殊处理测试48',0.00,1,1485100213,0),(50,'特殊处理测试49',0.00,1,1485100213,0),(51,'特殊处理测试50国服',0.00,1,1485100213,1485100219),(52,'拔毛2',134.00,1,1485146645,1485147621);
/*!40000 ALTER TABLE `chuli` ENABLE KEYS */;
UNLOCK TABLES;

--
-- Table structure for table `clothes`
--

DROP TABLE IF EXISTS `clothes`;
/*!40101 SET @saved_cs_client     = @@character_set_client */;
/*!40101 SET character_set_client = utf8 */;
CREATE TABLE `clothes` (
  `clothes_id` int(10) unsigned NOT NULL AUTO_INCREMENT COMMENT '衣物id',
  `order_id` int(11) NOT NULL DEFAULT '0' COMMENT '排序id',
  `orders_id` bigint(20) NOT NULL DEFAULT '0' COMMENT '排序id',
  `chuli` varchar(255) NOT NULL DEFAULT '' COMMENT '处理',
  `xiaoguo` varchar(255) NOT NULL DEFAULT '' COMMENT '效果',
  `xiaci` varchar(255) NOT NULL DEFAULT '' COMMENT '瑕疵',
  `brand` varchar(255) NOT NULL DEFAULT '' COMMENT '品牌',
  `color` varchar(255) NOT NULL DEFAULT '' COMMENT '颜色',
  `title` varchar(255) NOT NULL DEFAULT '' COMMENT '衣物标题',
  `num` tinyint(4) NOT NULL DEFAULT '1' COMMENT '数量',
  `jine` decimal(8,2) NOT NULL DEFAULT '0.00' COMMENT '定价',
  `ture_jine` decimal(8,2) NOT NULL DEFAULT '0.00' COMMENT '应付',
  `status` tinyint(3) NOT NULL DEFAULT '0' COMMENT '0-正在洗 1-可取 2-取走 3-退款',
  `estimate_time` int(11) unsigned NOT NULL DEFAULT '0' COMMENT '预计完成时间',
  `add_time` int(10) unsigned NOT NULL DEFAULT '0' COMMENT '收衣时间',
  `update_time` int(10) unsigned NOT NULL DEFAULT '0' COMMENT '修改时间',
  `shuixinum` int(11) NOT NULL DEFAULT '0' COMMENT '水洗条码',
  PRIMARY KEY (`clothes_id`)
) ENGINE=InnoDB AUTO_INCREMENT=12 DEFAULT CHARSET=utf8;
/*!40101 SET character_set_client = @saved_cs_client */;

--
-- Dumping data for table `clothes`
--

LOCK TABLES `clothes` WRITE;
/*!40000 ALTER TABLE `clothes` DISABLE KEYS */;
INSERT INTO `clothes` VALUES (2,0,201703130006,'47','48','48','99','50','百度百度',1,12.00,0.00,0,0,1489409195,1489409195,0),(3,0,201703130006,'','','','','','个',1,0.00,0.00,0,0,0,0,0),(4,0,201703140001,'49','51','46','93','51','皮夹克',1,22.20,0.00,2,0,1489468257,1489468257,0),(5,0,201703140001,'52','2','52','96','36','羽绒服',1,3.50,0.00,2,0,1489468258,1489468258,0),(6,0,201703140002,'49','51','46','93','51','皮夹克',1,22.20,0.00,0,0,1489468366,1489468366,0),(7,0,201703140002,'52','2','52','96','36','羽绒服',1,3.50,0.00,0,0,1489468366,1489468366,0),(8,0,201703140003,'','','','','','擦擦擦擦擦擦',1,22.00,0.00,3,0,1489495189,1489495189,565),(9,0,201703140003,'','','','','','的撒发的',1,33.20,0.00,3,0,1489495189,1489495189,566),(10,0,201703170001,'','','','98','51','羽绒服',1,55.50,0.00,2,0,1489720042,1489720042,3),(11,0,201703170001,'','','','','49','毛绒裤',1,12.20,0.00,2,0,1489720042,1489720042,4);
/*!40000 ALTER TABLE `clothes` ENABLE KEYS */;
UNLOCK TABLES;

--
-- Table structure for table `clothes_details`
--

DROP TABLE IF EXISTS `clothes_details`;
/*!40101 SET @saved_cs_client     = @@character_set_client */;
/*!40101 SET character_set_client = utf8 */;
CREATE TABLE `clothes_details` (
  `clothes_id` int(10) unsigned NOT NULL AUTO_INCREMENT COMMENT '衣物id',
  `wash_number` int(11) NOT NULL DEFAULT '0' COMMENT '水洗条码',
  `p_category_id` tinyint(4) NOT NULL DEFAULT '0' COMMENT '关联[大类]id',
  `c_category_id` smallint(6) NOT NULL DEFAULT '0' COMMENT '关联[小类]id',
  `color_id` tinyint(4) NOT NULL DEFAULT '0' COMMENT '关联[颜色]id',
  `xiaci_id` tinyint(4) NOT NULL DEFAULT '0' COMMENT '关联[瑕疵]id',
  `brand_id` smallint(6) NOT NULL DEFAULT '0' COMMENT '关联[品牌]id',
  `xiaoguo_id` smallint(6) NOT NULL DEFAULT '0' COMMENT '关联[洗后效果]id',
  `chuli_id` smallint(6) NOT NULL DEFAULT '0' COMMENT '关联[特殊处理]id',
  `zhekou` text NOT NULL COMMENT '折扣项目 [折扣项目1,折扣价格1;折扣项目2,折扣价格2;]',
  PRIMARY KEY (`clothes_id`)
) ENGINE=InnoDB DEFAULT CHARSET=utf8;
/*!40101 SET character_set_client = @saved_cs_client */;

--
-- Dumping data for table `clothes_details`
--

LOCK TABLES `clothes_details` WRITE;
/*!40000 ALTER TABLE `clothes_details` DISABLE KEYS */;
/*!40000 ALTER TABLE `clothes_details` ENABLE KEYS */;
UNLOCK TABLES;

--
-- Table structure for table `clothes_title`
--

DROP TABLE IF EXISTS `clothes_title`;
/*!40101 SET @saved_cs_client     = @@character_set_client */;
/*!40101 SET character_set_client = utf8 */;
CREATE TABLE `clothes_title` (
  `clothes_title_id` int(11) unsigned NOT NULL AUTO_INCREMENT COMMENT '自增id',
  `order_id` int(11) unsigned NOT NULL DEFAULT '0' COMMENT '排序',
  `title` varchar(255) NOT NULL DEFAULT '' COMMENT '标题',
  `shouzimu` char(2) NOT NULL DEFAULT '' COMMENT '首字母',
  `status` tinyint(4) NOT NULL DEFAULT '1' COMMENT '状态 1显示 0删除',
  `add_time` int(11) unsigned NOT NULL DEFAULT '0' COMMENT '添加时间',
  `update_time` int(11) NOT NULL DEFAULT '0' COMMENT '修改时间',
  PRIMARY KEY (`clothes_title_id`)
) ENGINE=InnoDB AUTO_INCREMENT=28 DEFAULT CHARSET=utf8;
/*!40101 SET character_set_client = @saved_cs_client */;

--
-- Dumping data for table `clothes_title`
--

LOCK TABLES `clothes_title` WRITE;
/*!40000 ALTER TABLE `clothes_title` DISABLE KEYS */;
INSERT INTO `clothes_title` VALUES (1,0,'你好','N',1,1486197416,0),(2,0,'水电费','S',1,1486198004,0),(3,0,'额外给','E',1,1486198009,0),(4,0,'范德萨范德萨','F',1,1486198111,0),(5,0,'额度','E',1,1486198114,0),(6,0,'王企鹅','W',1,1486198117,0),(7,0,'擦擦擦','C',1,1486198126,0),(8,0,'测试','C',1,1486198129,0),(9,0,'百度','B',1,1486198134,0),(10,0,'比浮点数','B',1,1486198138,0),(11,0,'维A酸','W',1,1486198144,0),(12,0,'热帖有','R',1,1486198150,0),(13,0,'柔荑花','R',1,1486198154,0),(14,0,'他还是','T',1,1486198158,0),(15,0,'他的号','T',1,1486198162,0),(16,0,'与','Y',1,1486198165,0),(17,0,'O(∩_∩)O哈哈~','O',1,1486522650,0),(18,0,'方法','F',1,1486523603,0),(19,0,'的撒发的','D',1,1486523753,0),(20,0,'第二章','D',1,1486523828,0),(21,0,'代打','D',1,1486526101,0),(22,0,'速度','S',1,1486526289,0),(23,0,'西服套装','X',1,1486543077,0),(24,0,'大师傅大师傅2','D',1,1488609420,0),(25,0,'而我热无若','E',1,1488609428,0),(26,0,'大锅饭的鬼地方个','D',1,1488609439,0),(27,0,'羽绒服','Y',1,1489719998,0);
/*!40000 ALTER TABLE `clothes_title` ENABLE KEYS */;
UNLOCK TABLES;

--
-- Table structure for table `color`
--

DROP TABLE IF EXISTS `color`;
/*!40101 SET @saved_cs_client     = @@character_set_client */;
/*!40101 SET character_set_client = utf8 */;
CREATE TABLE `color` (
  `color_id` tinyint(3) unsigned NOT NULL AUTO_INCREMENT COMMENT '颜色id',
  `color_name` varchar(255) NOT NULL DEFAULT '' COMMENT '颜色名称',
  `rgb` varchar(255) NOT NULL DEFAULT '' COMMENT '颜色代码',
  `status` tinyint(3) NOT NULL DEFAULT '1' COMMENT '状态 1-启用 0-删除',
  `add_time` int(10) unsigned NOT NULL DEFAULT '0' COMMENT '添加时间',
  `update_time` int(10) unsigned NOT NULL DEFAULT '0' COMMENT '修改时间',
  PRIMARY KEY (`color_id`)
) ENGINE=InnoDB AUTO_INCREMENT=53 DEFAULT CHARSET=utf8;
/*!40101 SET character_set_client = @saved_cs_client */;

--
-- Dumping data for table `color`
--

LOCK TABLES `color` WRITE;
/*!40000 ALTER TABLE `color` DISABLE KEYS */;
INSERT INTO `color` VALUES (1,'测试1','',1,1485095902,0),(2,'测试2','',1,1485095902,0),(3,'测试3','',1,1485095902,0),(4,'测试4','',1,1485095902,0),(5,'测试5','',1,1485095902,0),(6,'测试6','',1,1485095902,0),(7,'测试7','',1,1485095902,0),(8,'测试8','',1,1485095902,0),(9,'测试9','',1,1485095902,0),(10,'测试10','',1,1485095902,0),(11,'测试11','',1,1485095902,0),(12,'测试12','',1,1485095902,0),(13,'测试13','',1,1485095902,0),(14,'测试14','',1,1485095902,0),(15,'测试15','',1,1485095902,0),(16,'测试16','',1,1485095902,0),(17,'测试17','',1,1485095902,0),(18,'测试18','',1,1485095902,0),(19,'测试19','',1,1485095902,0),(20,'测试20','',1,1485095902,0),(21,'测试21','',1,1485095902,0),(22,'测试22','',1,1485095902,0),(23,'测试23','',1,1485095902,0),(24,'测试24','',1,1485095902,0),(25,'测试25','',1,1485095902,0),(26,'测试26','',1,1485095902,0),(27,'测试27','',1,1485095902,0),(28,'测试28','',1,1485095902,0),(29,'测试29','',1,1485095902,0),(30,'测试30','',1,1485095902,0),(31,'测试31','',1,1485095902,0),(32,'测试32','',1,1485095902,0),(33,'测试33','',1,1485095902,0),(34,'测试34','',1,1485095902,0),(35,'测试35','',1,1485095902,0),(36,'测试36','',1,1485095902,0),(37,'测试37','',1,1485095902,0),(38,'测试38','',1,1485095902,0),(39,'测试39','',1,1485095902,0),(40,'测试40','',1,1485095902,0),(41,'测试41','',1,1485095902,0),(42,'测试42','',1,1485095902,0),(43,'测试43','',1,1485095902,0),(44,'测试44','',1,1485095902,0),(45,'测试45','',1,1485095902,0),(46,'测试46','',1,1485095902,0),(47,'测试47','',1,1485095902,0),(48,'测试48','',1,1485095902,0),(49,'测试49','',1,1485095902,0),(50,'测试50','',1,1485095902,0),(51,'红2','',1,1485096644,1485098393),(52,'绿','',0,1485096694,1485098000);
/*!40000 ALTER TABLE `color` ENABLE KEYS */;
UNLOCK TABLES;

--
-- Table structure for table `orders`
--

DROP TABLE IF EXISTS `orders`;
/*!40101 SET @saved_cs_client     = @@character_set_client */;
/*!40101 SET character_set_client = utf8 */;
CREATE TABLE `orders` (
  `orders_id` bigint(20) unsigned NOT NULL AUTO_INCREMENT COMMENT '订单id',
  `order_id` int(11) NOT NULL DEFAULT '0' COMMENT '排序id',
  `user_id` int(11) NOT NULL DEFAULT '0' COMMENT '关联的用户id',
  `title` varchar(255) NOT NULL DEFAULT '' COMMENT '订单标题',
  `truename` varchar(255) NOT NULL DEFAULT '' COMMENT '顾客姓名',
  `tel` varchar(255) NOT NULL DEFAULT '' COMMENT '手机号',
  `jine` decimal(8,2) NOT NULL DEFAULT '0.00' COMMENT '价格',
  `true_jine` decimal(8,2) NOT NULL DEFAULT '0.00' COMMENT '应付',
  `payway` tinyint(4) NOT NULL DEFAULT '0' COMMENT '支付方式 0-赊账 1-现金 2-微信 3-支付宝 4-金额',
  `status` tinyint(4) NOT NULL DEFAULT '0' COMMENT '状态 0-未完成 1-已完成',
  `add_time` int(10) unsigned NOT NULL DEFAULT '0' COMMENT '生成订单时间',
  `estimate_time` int(11) unsigned NOT NULL DEFAULT '0' COMMENT '预计完成时间',
  PRIMARY KEY (`orders_id`)
) ENGINE=InnoDB AUTO_INCREMENT=201703170002 DEFAULT CHARSET=utf8;
/*!40101 SET character_set_client = @saved_cs_client */;

--
-- Dumping data for table `orders`
--

LOCK TABLES `orders` WRITE;
/*!40000 ALTER TABLE `orders` DISABLE KEYS */;
INSERT INTO `orders` VALUES (4,0,0,'wqe','','',0.00,0.00,2,0,0,0),(20160908001,0,1016,'的说法都是，而我','郭松田','18663483550',1016.00,0.00,1,0,1489141563,0),(20160908002,0,1016,'比浮点数擦擦擦，测试擦擦擦','郭松田','18663483550',1016.00,0.00,2,0,1489144420,0),(20160908003,0,1016,'大锅饭的鬼地方个，范德萨范德萨','郭松田','18663483550',13.93,0.00,0,0,1489144638,0),(20160908004,0,0,'232','','',0.00,0.00,2,0,0,0),(201703100000,0,1016,'','郭松田','18663483550',0.00,0.00,2,0,1489149014,0),(201703100001,0,1016,'2wq，qwe','郭松田','18663483550',0.00,0.00,4,1,1489149055,0),(201703100002,0,1016,'第三方士大夫，的反光板','郭松田','18663483550',0.00,0.00,3,0,1489149074,0),(201703110001,0,1019,'百度百度百度','何文卿','18953217515',0.00,0.00,0,0,1489206914,0),(201703130001,0,1016,'方法方法代打代打，的撒发的的撒发的','郭松田','18663483550',34.90,0.00,0,0,1489408410,0),(201703130002,0,1016,'方法方法代打代打，的撒发的的撒发的','郭松田','18663483550',34.90,0.00,0,0,1489408571,0),(201703130003,0,1016,'百度','郭松田','18663483550',22.00,0.00,0,0,1489408596,0),(201703130004,0,1016,'百度百度','郭松田','18663483550',12.00,0.00,0,0,1489408800,0),(201703130005,0,1016,'百度百度','郭松田','18663483550',12.00,0.00,0,0,1489408855,0),(201703130006,0,1016,'百度百度','郭松田','18663483550',12.00,0.00,0,0,1489409195,0),(201703140001,0,1016,'皮夹克，羽绒服','郭松田','18663483550',25.70,0.00,2,1,1489468257,0),(201703140002,0,1016,'皮夹克，羽绒服','郭松田','18663483550',25.70,0.00,3,0,1489468366,0),(201703140003,0,1019,'擦擦擦擦擦擦，的撒发的','何文卿','18953217515',55.20,0.00,3,1,1489495189,0),(201703170001,0,1017,'羽绒服，毛绒裤','陈婧','18663499039',67.70,0.00,1,1,1489720042,0);
/*!40000 ALTER TABLE `orders` ENABLE KEYS */;
UNLOCK TABLES;

--
-- Table structure for table `p_category`
--

DROP TABLE IF EXISTS `p_category`;
/*!40101 SET @saved_cs_client     = @@character_set_client */;
/*!40101 SET character_set_client = utf8 */;
CREATE TABLE `p_category` (
  `p_category_id` tinyint(3) unsigned NOT NULL AUTO_INCREMENT COMMENT '大类id',
  `p_category_name` varchar(255) NOT NULL DEFAULT '' COMMENT '大类名称',
  `order_id` int(10) unsigned NOT NULL DEFAULT '0' COMMENT '排序id',
  `icon_name` varchar(255) NOT NULL DEFAULT '' COMMENT '图标',
  `status` tinyint(4) NOT NULL DEFAULT '1' COMMENT '状态 1-启用 0-删除',
  `add_time` int(10) unsigned NOT NULL DEFAULT '0' COMMENT '添加时间',
  `update_time` int(10) unsigned NOT NULL DEFAULT '0' COMMENT '修改时间',
  PRIMARY KEY (`p_category_id`)
) ENGINE=InnoDB AUTO_INCREMENT=19 DEFAULT CHARSET=utf8;
/*!40101 SET character_set_client = @saved_cs_client */;

--
-- Dumping data for table `p_category`
--

LOCK TABLES `p_category` WRITE;
/*!40000 ALTER TABLE `p_category` DISABLE KEYS */;
INSERT INTO `p_category` VALUES (1,'卖商品',0,'',1,1485593044,1485650634),(2,'地毯类',0,'',1,1485593225,0),(3,'单烫类',0,'',1,1485593225,0),(4,'皮包类',0,'',1,1485593225,0),(5,'皮裤类',0,'',1,1485593225,0),(6,'皮上衣类',0,'',1,1485593225,0),(7,'其他皮类',0,'',1,1485593225,0),(8,'特殊类',0,'',1,1485593225,0),(9,'家居类',0,'',1,1485593225,0),(10,'卧卫类',0,'',1,1485593225,0),(11,'小件类',0,'',1,1485593225,0),(12,'上衣类',0,'',1,1485593225,0),(13,'裙子类',0,'',1,1485593225,0),(14,'裤子类',0,'',1,1485593225,0),(15,'外套类',0,'',1,1485593225,0),(16,'张飞类',0,'',0,1485595920,1485595963),(17,'刘备类',0,'',0,1485595920,1485595959),(18,'西服套装',0,'',1,1485779175,0);
/*!40000 ALTER TABLE `p_category` ENABLE KEYS */;
UNLOCK TABLES;

--
-- Table structure for table `recharge`
--

DROP TABLE IF EXISTS `recharge`;
/*!40101 SET @saved_cs_client     = @@character_set_client */;
/*!40101 SET character_set_client = utf8 */;
CREATE TABLE `recharge` (
  `recharge_id` int(10) unsigned NOT NULL AUTO_INCREMENT COMMENT '充值id',
  `order_id` int(10) NOT NULL DEFAULT '0' COMMENT '排序id',
  `user_id` int(10) unsigned NOT NULL DEFAULT '0' COMMENT '关联[用户]id',
  `jine` decimal(8,2) NOT NULL DEFAULT '0.00' COMMENT '充值金额',
  `true_jine` decimal(8,2) NOT NULL DEFAULT '0.00' COMMENT '实收',
  `zhekou_jine` decimal(8,2) NOT NULL DEFAULT '0.00' COMMENT '折扣金额',
  `remark` varchar(255) NOT NULL DEFAULT '' COMMENT '备注',
  `add_time` int(10) unsigned NOT NULL DEFAULT '0' COMMENT '添加时间',
  `update_time` int(10) unsigned NOT NULL DEFAULT '0' COMMENT '修改时间',
  PRIMARY KEY (`recharge_id`)
) ENGINE=InnoDB DEFAULT CHARSET=utf8;
/*!40101 SET character_set_client = @saved_cs_client */;

--
-- Dumping data for table `recharge`
--

LOCK TABLES `recharge` WRITE;
/*!40000 ALTER TABLE `recharge` DISABLE KEYS */;
/*!40000 ALTER TABLE `recharge` ENABLE KEYS */;
UNLOCK TABLES;

--
-- Table structure for table `ry_income`
--

DROP TABLE IF EXISTS `ry_income`;
/*!40101 SET @saved_cs_client     = @@character_set_client */;
/*!40101 SET character_set_client = utf8 */;
CREATE TABLE `ry_income` (
  `ry_income_id` int(10) unsigned NOT NULL AUTO_INCREMENT COMMENT '记录id',
  `order_id` int(10) NOT NULL DEFAULT '0' COMMENT '排序id',
  `orders_id` int(10) unsigned NOT NULL DEFAULT '0' COMMENT '关联[订单]id',
  `recharge_id` int(10) unsigned NOT NULL DEFAULT '0' COMMENT '关联[充值]id',
  `tuikuan_id` int(10) unsigned NOT NULL DEFAULT '0' COMMENT '关联[退款]id',
  `jine` decimal(8,2) NOT NULL DEFAULT '0.00' COMMENT '金额数值',
  `status` tinyint(3) NOT NULL DEFAULT '1' COMMENT '收入状态 1-收入 0-支出',
  `add_time` int(10) unsigned NOT NULL DEFAULT '0' COMMENT '添加时间',
  `update_time` int(10) unsigned NOT NULL DEFAULT '0' COMMENT '修改时间',
  PRIMARY KEY (`ry_income_id`)
) ENGINE=InnoDB DEFAULT CHARSET=utf8;
/*!40101 SET character_set_client = @saved_cs_client */;

--
-- Dumping data for table `ry_income`
--

LOCK TABLES `ry_income` WRITE;
/*!40000 ALTER TABLE `ry_income` DISABLE KEYS */;
/*!40000 ALTER TABLE `ry_income` ENABLE KEYS */;
UNLOCK TABLES;

--
-- Table structure for table `sxtm`
--

DROP TABLE IF EXISTS `sxtm`;
/*!40101 SET @saved_cs_client     = @@character_set_client */;
/*!40101 SET character_set_client = utf8 */;
CREATE TABLE `sxtm` (
  `id` int(11) NOT NULL AUTO_INCREMENT,
  `sxtm` int(11) NOT NULL DEFAULT '1' COMMENT '当前水洗条码标记',
  PRIMARY KEY (`id`)
) ENGINE=InnoDB AUTO_INCREMENT=2 DEFAULT CHARSET=utf8;
/*!40101 SET character_set_client = @saved_cs_client */;

--
-- Dumping data for table `sxtm`
--

LOCK TABLES `sxtm` WRITE;
/*!40000 ALTER TABLE `sxtm` DISABLE KEYS */;
INSERT INTO `sxtm` VALUES (1,5);
/*!40000 ALTER TABLE `sxtm` ENABLE KEYS */;
UNLOCK TABLES;

--
-- Table structure for table `tuikuan`
--

DROP TABLE IF EXISTS `tuikuan`;
/*!40101 SET @saved_cs_client     = @@character_set_client */;
/*!40101 SET character_set_client = utf8 */;
CREATE TABLE `tuikuan` (
  `tuikuan_id` int(10) unsigned NOT NULL AUTO_INCREMENT COMMENT '退款id',
  `order_id` int(10) NOT NULL DEFAULT '0' COMMENT '排序id',
  `jine` decimal(8,2) NOT NULL DEFAULT '0.00' COMMENT '退款金额',
  `add_time` int(10) unsigned NOT NULL DEFAULT '0' COMMENT '退款时间',
  `update_time` int(10) unsigned NOT NULL DEFAULT '0' COMMENT '修改时间',
  PRIMARY KEY (`tuikuan_id`)
) ENGINE=InnoDB DEFAULT CHARSET=utf8;
/*!40101 SET character_set_client = @saved_cs_client */;

--
-- Dumping data for table `tuikuan`
--

LOCK TABLES `tuikuan` WRITE;
/*!40000 ALTER TABLE `tuikuan` DISABLE KEYS */;
/*!40000 ALTER TABLE `tuikuan` ENABLE KEYS */;
UNLOCK TABLES;

--
-- Table structure for table `user`
--

DROP TABLE IF EXISTS `user`;
/*!40101 SET @saved_cs_client     = @@character_set_client */;
/*!40101 SET character_set_client = utf8 */;
CREATE TABLE `user` (
  `user_id` int(10) unsigned NOT NULL AUTO_INCREMENT COMMENT '用户id',
  `order_id` int(11) NOT NULL DEFAULT '0' COMMENT '排序id',
  `nickname` varchar(255) NOT NULL DEFAULT '' COMMENT '昵称',
  `truename` varchar(255) NOT NULL DEFAULT '' COMMENT '真实姓名',
  `tel` varchar(255) NOT NULL DEFAULT '' COMMENT '手机号',
  `sex` tinyint(4) NOT NULL DEFAULT '0' COMMENT '性别 0保密 1男 2女',
  `brithday` int(11) unsigned NOT NULL DEFAULT '0' COMMENT '生日',
  `yue` decimal(8,2) NOT NULL DEFAULT '0.00' COMMENT '余额',
  `zonge1` decimal(8,2) NOT NULL DEFAULT '0.00' COMMENT '所有实际消费金额（不包含充值）',
  `zonge2` decimal(8,2) NOT NULL DEFAULT '0.00' COMMENT '所有实际消费金额（包含充值）',
  `password` varchar(255) NOT NULL DEFAULT '' COMMENT '密码',
  `add_time` int(10) unsigned NOT NULL DEFAULT '0' COMMENT '注册时间',
  `update_time` int(10) unsigned NOT NULL DEFAULT '0' COMMENT '修改时间',
  PRIMARY KEY (`user_id`),
  UNIQUE KEY `user_un` (`tel`)
) ENGINE=InnoDB AUTO_INCREMENT=1021 DEFAULT CHARSET=utf8;
/*!40101 SET character_set_client = @saved_cs_client */;

--
-- Dumping data for table `user`
--

LOCK TABLES `user` WRITE;
/*!40000 ALTER TABLE `user` DISABLE KEYS */;
INSERT INTO `user` VALUES (5,0,'愤怒的刷碗','潘媛树','1',0,0,588106.29,342.83,497.56,'',0,0),(6,0,'开心的桃子','聂豪红','2',0,0,4.18,32886.53,76.64,'',0,0),(7,0,'紧张的石榴','奚琳伦','3',0,0,61.51,859.25,888.09,'',0,0),(8,0,'害怕的哈密瓜','温元嘉','4',0,0,6.39,419657.73,6587.80,'',0,0),(9,0,'激动的百香果','王轮琦','5',0,0,97.59,25.96,5757.95,'',0,0),(10,0,'激动的百香果','黄良萱','6',0,0,52.75,32.09,5100.59,'',0,0),(11,0,'紧张的哈密瓜','樊成忠','7',0,0,5139.55,8132.32,42120.16,'',0,0),(12,0,'激动的空调','凤谦威','8',0,0,826139.72,397.15,591.02,'',0,0),(13,0,'苦恼的椰子','翁珍子','9',0,0,4617.82,287.04,220.37,'',0,0),(14,0,'害怕的西瓜','东伊之','10',0,0,343.78,9459.39,252.88,'',0,0),(15,0,'害怕的桃子','陈宗琛','11',0,0,99920.22,333.39,8884.36,'',0,0),(16,0,'愤怒的百香果','马艳伊','12',0,0,4885.47,90763.18,27956.69,'',0,0),(17,0,'快乐的吃饭','陆楠舒','13',0,0,689.70,5002.50,48179.05,'',0,0),(18,0,'忧伤的苹果','蔡瑾芳','14',0,0,957910.00,5668.71,58042.15,'',0,0),(19,0,'快乐的哈密瓜','容和浩','15',0,0,17578.57,177702.11,73307.13,'',0,0),(20,0,'快乐的西瓜','费燕国','16',0,0,695191.39,913027.43,484192.43,'',0,0),(21,0,'忧伤的吃饭','朱紫洁','17',0,0,661576.26,162703.66,43971.87,'',0,0),(22,0,'紧张的哈密瓜','庞之咏','18',0,0,2011.91,556470.54,637.12,'',0,0),(23,0,'苦恼的桃子','雍桦亮','19',0,0,38613.21,550.78,976.59,'',0,0),(24,0,'害怕的学习','金邦生','20',0,0,2535.87,43814.99,3.74,'',0,0),(25,0,'开心的刷碗','费春敬','21',0,0,198400.03,169738.22,877908.09,'',0,0),(26,0,'害怕的电冰箱','伊翔学','22',0,0,18042.58,10859.52,950767.69,'',0,0),(27,0,'忧伤的鲜枣','邢楠茗','23',0,0,349.44,385887.84,390237.80,'',0,0),(28,0,'开心的百香果','太叔乐堂','24',0,0,62.56,99640.35,9.63,'',0,0),(29,0,'害怕的电冰箱','戴行杰','25',0,0,1.65,436.59,948373.31,'',0,0),(30,0,'紧张的苹果','贡菊鹏','26',0,0,844544.63,744.53,6.34,'',0,0),(31,0,'紧张的桃子','费子爱','27',0,0,65459.71,523182.63,698.29,'',0,0),(32,0,'忧伤的石榴','骆力梅','28',0,0,1225.90,4.33,146640.22,'',0,0),(33,0,'快乐的学习','从旭裕','29',0,0,641.92,607.20,45.09,'',0,0),(34,0,'快乐的桃子','季江梁','30',0,0,718265.96,59821.72,553398.43,'',0,0),(35,0,'开心的学习','房以红','31',0,0,540608.24,800645.26,69.04,'',0,0),(36,0,'紧张的电冰箱','徐离蓝颖','32',0,0,704.58,231766.81,489.04,'',0,0),(37,0,'苦恼的桃子','姜彬浩','33',0,0,5226.17,585.54,853.58,'',0,0),(38,0,'紧张的电冰箱','支佳婕','34',0,0,7506.90,1.55,729.19,'',0,0),(39,0,'激动的椰子','云叶风','35',0,0,97429.00,10433.06,643.36,'',0,0),(40,0,'苦恼的学习','裴滢伦','36',0,0,806.48,6.10,7.07,'',0,0),(41,0,'害怕的空调','东飘倩','37',0,0,12.42,592.98,77392.85,'',0,0),(42,0,'害怕的吃饭','湛行晨','38',0,0,218.89,937.39,367878.33,'',0,0),(43,0,'激动的苹果','元飘风','39',0,0,88.91,62544.29,79.42,'',0,0),(44,0,'害怕的桃子','夏凝香','40',0,0,7644.10,120685.25,38.52,'',0,0),(45,0,'激动的石榴','滕武玲','41',0,0,7894.99,8.65,456.75,'',0,0),(46,0,'激动的学习','毕竹武','42',0,0,9.53,3.35,84516.21,'',0,0),(47,0,'愤怒的哈密瓜','王仁媚','43',0,0,93.44,6.53,9229.47,'',0,0),(48,0,'害怕的鲜枣','陆阅菲','44',0,0,693663.86,7099.28,895040.11,'',0,0),(49,0,'紧张的哈密瓜','令狐琦敬','45',0,0,62.94,1508.75,60845.61,'',0,0),(50,0,'害怕的西瓜','夏侯君榕','46',0,0,4.32,4.37,38307.29,'',0,0),(51,0,'紧张的苹果','诸舒蓉','47',0,0,15598.24,8065.63,6894.22,'',0,0),(52,0,'愤怒的桃子','廖枝燕','48',0,0,42.40,8.31,1125.42,'',0,0),(53,0,'快乐的苹果','朱启纨','49',0,0,611014.17,57.59,428686.55,'',0,0),(54,0,'紧张的鲜枣','黎兴若','50',0,0,24470.08,4.37,2393.33,'',0,0),(55,0,'苦恼的榴莲','柯之邦','51',0,0,6.83,6641.27,88.17,'',0,0),(56,0,'忧伤的桃子','韩贵磊','52',0,0,5.79,728.03,95757.81,'',0,0),(57,0,'苦恼的桃子','冯伦紫','53',0,0,6368.94,323.10,39.22,'',0,0),(58,0,'激动的吃饭','易茂亨','54',0,0,476.87,446736.87,264.67,'',0,0),(59,0,'苦恼的空调','奚妹仁','55',0,0,4855.20,222.37,9868.86,'',0,0),(60,0,'愤怒的榴莲','赫连军贵','56',0,0,3404.98,40640.48,7024.34,'',0,0),(61,0,'快乐的扫地','支亨亨','57',0,0,293441.23,529.33,5179.48,'',0,0),(62,0,'快乐的空调','荣菡政','58',0,0,7.59,22.27,8541.69,'',0,0),(63,0,'忧伤的石榴','阎欢佳','59',0,0,50238.54,4010.02,5818.84,'',0,0),(64,0,'开心的苹果','缪邦倩','60',0,0,93.64,50.45,0.91,'',0,0),(65,0,'苦恼的学习','赫连维茜','61',0,0,76.44,32044.78,80304.87,'',0,0),(66,0,'快乐的榴莲','关影彬','62',0,0,317.44,82819.26,84058.22,'',0,0),(67,0,'愤怒的学习','姜伦黛','63',0,0,532.50,528813.31,22776.68,'',0,0),(68,0,'忧伤的空调','惠娇辉','64',0,0,950.95,965051.48,0.20,'',0,0),(69,0,'快乐的空调','马霭邦','65',0,0,25602.84,64734.66,48.13,'',0,0),(70,0,'快乐的电冰箱','向柔曼','66',0,0,3041.72,56.41,657.74,'',0,0),(71,0,'开心的石榴','诸葛雄振','67',0,0,7016.70,331998.92,9693.45,'',0,0),(72,0,'激动的椰子','项鸿枫','68',0,0,5.30,6063.72,89337.04,'',0,0),(73,0,'紧张的苹果','谭心元','69',0,0,9278.02,37065.10,7.32,'',0,0),(74,0,'激动的椰子','幸亨枫','70',0,0,1.22,21.38,6091.75,'',0,0),(75,0,'开心的电冰箱','逄桂辉','71',0,0,390.54,19.01,98082.85,'',0,0),(76,0,'开心的刷碗','冯舒武','72',0,0,98196.27,5881.02,111.14,'',0,0),(77,0,'愤怒的学习','仲孙彦芬','73',0,0,390164.83,36814.47,73008.57,'',0,0),(78,0,'激动的苹果','张惠毓','74',0,0,16713.65,6217.78,27512.56,'',0,0),(79,0,'快乐的苹果','谢良固','75',0,0,636.08,32296.08,9325.98,'',0,0),(80,0,'害怕的百香果','茅菡芝','76',0,0,3.36,4719.76,73615.09,'',0,0),(81,0,'苦恼的苹果','宰薇善','77',0,0,227.45,84000.95,28262.86,'',0,0),(82,0,'愤怒的西瓜','赫连贤仁','78',0,0,5383.22,76612.59,8044.57,'',0,0),(83,0,'快乐的哈密瓜','项希佳','79',0,0,537991.84,896691.25,5.92,'',0,0),(84,0,'紧张的桃子','晏涛蕊','80',0,0,30463.07,861.77,605.12,'',0,0),(85,0,'快乐的西瓜','司徒唯炎','81',0,0,8154.30,201918.89,32739.98,'',0,0),(86,0,'害怕的哈密瓜','宰会媚','82',0,0,5871.65,96.22,177877.11,'',0,0),(87,0,'忧伤的榴莲','荣瑶飘','83',0,0,884861.87,553286.86,978.56,'',0,0),(88,0,'紧张的石榴','闻香若','84',0,0,534056.69,241.19,69768.19,'',0,0),(89,0,'苦恼的榴莲','韩阳天','85',0,0,27531.16,338400.14,465.16,'',0,0),(90,0,'激动的桃子','支霄锦','86',0,0,4.14,379.51,219.76,'',0,0),(91,0,'愤怒的刷碗','司琬桦','87',0,0,53.40,57091.68,3679.44,'',0,0),(92,0,'害怕的椰子','纪美武','88',0,0,1422.75,50.91,384.09,'',0,0),(93,0,'紧张的桃子','祁璧璐','89',0,0,316589.91,13169.67,5.28,'',0,0),(94,0,'苦恼的哈密瓜','郑枝竹','90',0,0,17.41,98.72,627956.53,'',0,0),(95,0,'忧伤的桃子','郎琰功','91',0,0,81.08,31185.81,6.92,'',0,0),(96,0,'苦恼的百香果','柯美之','92',0,0,24.49,91.58,54.87,'',0,0),(97,0,'紧张的石榴','钟士柔','93',0,0,2.41,7.02,4227.65,'',0,0),(98,0,'激动的哈密瓜','万颖栋','94',0,0,53091.38,10312.44,8746.54,'',0,0),(99,0,'紧张的桃子','晏茂学','95',0,0,96.01,9649.59,121.85,'',0,0),(100,0,'激动的桃子','印浩琰','96',0,0,92.62,43770.89,9.50,'',0,0),(101,0,'激动的椰子','田梅玛','97',0,0,25579.64,5358.27,5187.54,'',0,0),(102,0,'忧伤的空调','易佳香','98',0,0,1.77,5.52,460484.91,'',0,0),(103,0,'苦恼的电冰箱','史德林','99',0,0,22.52,669319.23,9154.78,'',0,0),(104,0,'忧伤的榴莲','雷晴强','100',0,0,42269.81,6.16,16.90,'',0,0),(105,0,'苦恼的石榴','习伯全','101',0,0,725.77,6.81,88.28,'',0,0),(106,0,'开心的榴莲','沈枫羽','102',0,0,4535.32,5495.18,807438.72,'',0,0),(107,0,'忧伤的扫地','莘咏芳','103',0,0,42040.59,92382.88,3.23,'',0,0),(108,0,'快乐的哈密瓜','莫蓝雨','104',0,0,7104.06,423620.05,62.80,'',0,0),(109,0,'苦恼的空调','申屠娇志','105',0,0,18299.92,568.47,48489.28,'',0,0),(110,0,'愤怒的电冰箱','平寒海','106',0,0,24631.77,1868.33,43631.14,'',0,0),(111,0,'激动的鲜枣','晏悦有','107',0,0,5027.21,738.38,686068.13,'',0,0),(112,0,'愤怒的空调','云伟婉','108',0,0,69913.92,494745.45,75876.77,'',0,0),(113,0,'激动的椰子','梁烟轩','109',0,0,7.00,71808.96,81092.82,'',0,0),(114,0,'激动的刷碗','胡春全','110',0,0,622130.93,77851.03,3.65,'',0,0),(115,0,'苦恼的榴莲','龙鸣惠','111',0,0,6.43,1760.36,9.04,'',0,0),(116,0,'快乐的苹果','舒忠莉','112',0,0,3602.41,1.79,17917.03,'',0,0),(117,0,'快乐的学习','戴伦淑','113',0,0,29710.86,424.08,37781.18,'',0,0),(118,0,'快乐的刷碗','冉梦雪','114',0,0,0.35,429.64,65896.24,'',0,0),(119,0,'愤怒的鲜枣','曲瑾时','115',0,0,9814.67,8.10,180.02,'',0,0),(120,0,'激动的哈密瓜','苏邦蓓','116',0,0,706.53,85982.29,1313.21,'',0,0),(121,0,'开心的椰子','邵聪安','117',0,0,2.96,501084.79,2.91,'',0,0),(122,0,'苦恼的扫地','宣春睿','118',0,0,1247.27,267.62,2330.74,'',0,0),(123,0,'快乐的电冰箱','寿芬中','119',0,0,49.18,578.88,379.50,'',0,0),(124,0,'苦恼的空调','古恒钧','120',0,0,563.86,21139.38,9608.70,'',0,0),(125,0,'愤怒的百香果','孙彬健','121',0,0,4.55,40.17,684109.24,'',0,0),(126,0,'紧张的电冰箱','杨广坚','122',0,0,5.00,42722.32,56.29,'',0,0),(127,0,'激动的椰子','仇山元','123',0,0,679717.82,95072.45,5.34,'',0,0),(128,0,'快乐的百香果','毛雯骅','124',0,0,72956.16,26734.15,1789.85,'',0,0),(129,0,'忧伤的鲜枣','陈先茂','125',0,0,375272.68,2.13,3.28,'',0,0),(130,0,'开心的百香果','印欢薇','126',0,0,88082.64,8.74,13.81,'',0,0),(131,0,'忧伤的电冰箱','祁罡媚','127',0,0,923991.56,776253.20,7363.63,'',0,0),(132,0,'开心的西瓜','鲍安雯','128',0,0,5061.16,965186.40,9.73,'',0,0),(133,0,'愤怒的电冰箱','韩群烁','129',0,0,190467.71,4962.48,869.90,'',0,0),(134,0,'苦恼的鲜枣','费国罡','130',0,0,150.00,105588.04,109.50,'',0,0),(135,0,'忧伤的刷碗','丁茂楠','131',0,0,8.15,371.44,9.58,'',0,0),(136,0,'紧张的鲜枣','成岚嘉','132',0,0,979.16,963037.78,46.35,'',0,0),(137,0,'苦恼的空调','邵绍兴','133',0,0,44.56,821.11,987712.41,'',0,0),(138,0,'开心的鲜枣','卞成琪','134',0,0,74.60,62175.97,287.25,'',0,0),(139,0,'激动的吃饭','韩明广','135',0,0,68231.27,14881.84,233.53,'',0,0),(140,0,'忧伤的刷碗','闻人锦荷','136',0,0,9451.45,927256.40,713992.79,'',0,0),(141,0,'苦恼的电冰箱','米纯晨','137',0,0,5979.94,802.70,82.64,'',0,0),(142,0,'愤怒的刷碗','章乐启','138',0,0,30.77,776.51,393145.82,'',0,0),(143,0,'害怕的桃子','燕江媚','139',0,0,85654.73,854.38,577008.09,'',0,0),(144,0,'激动的电冰箱','田健功','140',0,0,966191.15,39025.20,715269.27,'',0,0),(145,0,'激动的空调','廖德莎','141',0,0,75.24,93409.16,19.82,'',0,0),(146,0,'激动的刷碗','邰珠环','142',0,0,258290.76,644896.69,2.82,'',0,0),(147,0,'害怕的百香果','屠鸣美','143',0,0,5403.17,21.77,928648.16,'',0,0),(148,0,'开心的吃饭','蔡毓怡','144',0,0,1002.30,18.46,427.23,'',0,0),(149,0,'开心的西瓜','颜言慧','145',0,0,7621.04,941851.29,11.08,'',0,0),(150,0,'害怕的椰子','濮阳洁奇','146',0,0,9885.20,332.14,54.38,'',0,0),(151,0,'忧伤的刷碗','彭荷倩','147',0,0,69.26,424008.32,73.10,'',0,0),(152,0,'愤怒的西瓜','朱忠娴','148',0,0,52.02,3.89,92.93,'',0,0),(153,0,'激动的电冰箱','狄菁烁','149',0,0,367.84,65.21,39124.12,'',0,0),(154,0,'快乐的鲜枣','瞿可玉','150',0,0,1478.91,4067.65,7.72,'',0,0),(155,0,'快乐的桃子','贺忠莲','151',0,0,441.04,815.86,41.68,'',0,0),(156,0,'忧伤的椰子','詹德宏','152',0,0,8519.64,821833.06,508937.13,'',0,0),(157,0,'快乐的电冰箱','晏环莎','153',0,0,203078.50,58.72,8277.99,'',0,0),(158,0,'开心的扫地','东翔仁','154',0,0,494673.46,537660.13,1860.24,'',0,0),(159,0,'开心的扫地','丁洁思','155',0,0,77366.90,5.68,965103.51,'',0,0),(160,0,'害怕的刷碗','池厚全','156',0,0,5715.72,28884.22,5969.81,'',0,0),(161,0,'苦恼的苹果','陈超晓','157',0,0,208.04,5.34,287.39,'',0,0),(162,0,'苦恼的桃子','东姬功','158',0,0,330396.61,5.08,3889.32,'',0,0),(163,0,'忧伤的刷碗','裴慧启','159',0,0,1942.37,114763.09,6.55,'',0,0),(164,0,'激动的空调','文盛翔','160',0,0,2469.56,31.88,199.53,'',0,0),(165,0,'快乐的电冰箱','易蝶凤','161',0,0,8.36,11338.06,521278.90,'',0,0),(166,0,'紧张的电冰箱','姚琦善','162',0,0,73693.01,881.98,15957.25,'',0,0),(167,0,'紧张的扫地','韦子瑞','163',0,0,64.50,71.12,113967.29,'',0,0),(168,0,'愤怒的苹果','米仪蓓','164',0,0,26572.49,73.37,7.46,'',0,0),(169,0,'愤怒的苹果','鲍媚叶','165',0,0,980198.12,91.59,5298.90,'',0,0),(170,0,'害怕的学习','荀康洁','166',0,0,60.79,81301.67,97247.96,'',0,0),(171,0,'愤怒的西瓜','庾宜厚','167',0,0,278734.66,19.08,849.59,'',0,0),(172,0,'开心的哈密瓜','詹康光','168',0,0,53.23,207759.27,65.00,'',0,0),(173,0,'害怕的百香果','熊眉珊','169',0,0,746.36,26490.51,34.59,'',0,0),(174,0,'紧张的吃饭','叶固瑗','170',0,0,89.48,765.32,306755.60,'',0,0),(175,0,'快乐的哈密瓜','霍士永','171',0,0,4.85,16141.37,29.94,'',0,0),(176,0,'激动的石榴','李贤厚','172',0,0,55628.78,12266.80,1334.91,'',0,0),(177,0,'忧伤的学习','屈琴娜','173',0,0,15138.29,3339.09,23401.92,'',0,0),(178,0,'苦恼的百香果','齐柔艳','174',0,0,282.83,92.16,313.69,'',0,0),(179,0,'开心的哈密瓜','石军儿','175',0,0,85.97,920.72,156.02,'',0,0),(180,0,'愤怒的学习','尤妍才','176',0,0,2.62,19.59,6.81,'',0,0),(181,0,'愤怒的桃子','堵琰豪','177',0,0,993995.68,4.22,57.83,'',0,0),(182,0,'愤怒的百香果','东之松','178',0,0,59479.35,33756.20,6.15,'',0,0),(183,0,'激动的椰子','徐离仁进','179',0,0,13.65,433971.86,9.13,'',0,0),(184,0,'愤怒的石榴','王冰巧','180',0,0,9.30,821913.61,887420.19,'',0,0),(185,0,'激动的空调','赵宁飞','181',0,0,90.75,331603.20,20848.49,'',0,0),(186,0,'快乐的扫地','方红志','182',0,0,602211.22,70695.04,8.23,'',0,0),(187,0,'激动的石榴','杨先邦','183',0,0,1.50,600233.12,275.05,'',0,0),(188,0,'紧张的扫地','程鸿贝','184',0,0,28768.67,47696.12,5063.15,'',0,0),(189,0,'开心的空调','吴奇芳','185',0,0,2933.29,92551.84,381.12,'',0,0),(190,0,'快乐的鲜枣','慕容蓓民','186',0,0,771915.57,892793.29,8.71,'',0,0),(191,0,'忧伤的吃饭','蓝河芸','187',0,0,367.23,506656.93,52.92,'',0,0),(192,0,'苦恼的西瓜','东飞思','188',0,0,8066.18,7416.72,13.22,'',0,0),(193,0,'快乐的椰子','茅云忠','189',0,0,401.98,5.27,34714.46,'',0,0),(194,0,'害怕的百香果','吉贞霄','190',0,0,71787.56,94.33,6.00,'',0,0),(195,0,'紧张的苹果','骆菡珍','191',0,0,768.71,363.53,50.12,'',0,0),(196,0,'快乐的榴莲','崔翰光','192',0,0,36.87,8.44,96.45,'',0,0),(197,0,'害怕的鲜枣','韩珠佳','193',0,0,404610.82,548727.90,6.00,'',0,0),(198,0,'紧张的电冰箱','金罡枝','194',0,0,19568.39,4.62,508.51,'',0,0),(199,0,'害怕的扫地','郝丹建','195',0,0,54064.74,79786.03,8466.09,'',0,0),(200,0,'快乐的石榴','卫俊辉','196',0,0,577.40,72972.61,11.25,'',0,0),(201,0,'激动的苹果','虞豪雄','197',0,0,46822.64,525.50,404.63,'',0,0),(202,0,'紧张的石榴','云剑绿','198',0,0,152.64,2.53,9597.28,'',0,0),(203,0,'快乐的鲜枣','易程哲','199',0,0,5.24,739793.21,813.32,'',0,0),(204,0,'开心的西瓜','蔡纨韦','200',0,0,21125.17,9.19,8123.43,'',0,0),(205,0,'苦恼的刷碗','姚萍鹏','201',0,0,2597.09,9.63,8.03,'',0,0),(206,0,'激动的电冰箱','成琴竹','202',0,0,5.84,344.62,269.82,'',0,0),(207,0,'苦恼的吃饭','费荣惠','203',0,0,526.63,321.03,89.93,'',0,0),(208,0,'紧张的椰子','诸纨丽','204',0,0,378.24,1289.18,517.83,'',0,0),(209,0,'害怕的学习','关婵爽','205',0,0,7520.87,81575.02,51.22,'',0,0),(210,0,'开心的吃饭','宰宽思','206',0,0,88813.57,225.06,673.57,'',0,0),(211,0,'开心的石榴','莫雨军','207',0,0,97616.90,7.30,52.39,'',0,0),(212,0,'愤怒的哈密瓜','万信彩','208',0,0,0.64,7473.89,633060.20,'',0,0),(213,0,'愤怒的榴莲','解涛妹','209',0,0,717068.67,5345.70,98.46,'',0,0),(214,0,'快乐的椰子','黄雯逸','210',0,0,349139.40,4.66,4607.68,'',0,0),(215,0,'快乐的桃子','穆炎咏','211',0,0,21.33,5.36,32.78,'',0,0),(216,0,'紧张的刷碗','邵璧子','212',0,0,4.70,357.62,4338.27,'',0,0),(217,0,'紧张的椰子','屈丽佳','213',0,0,1406.99,4890.66,31711.60,'',0,0),(218,0,'苦恼的鲜枣','胡健荔','214',0,0,6.50,0.17,3483.36,'',0,0),(219,0,'激动的鲜枣','景罡爱','215',0,0,7840.50,329166.54,861.01,'',0,0),(220,0,'紧张的椰子','党月堂','216',0,0,601179.07,848769.39,2.65,'',0,0),(221,0,'苦恼的学习','闻波明','217',0,0,9327.47,7288.97,8.40,'',0,0),(222,0,'苦恼的扫地','尤彪若','218',0,0,9128.83,4690.41,887036.52,'',0,0),(223,0,'苦恼的扫地','濮阳丹霞','219',0,0,887.45,764.49,762322.97,'',0,0),(224,0,'快乐的刷碗','耿程茜','220',0,0,1251.41,13.19,655.96,'',0,0),(225,0,'开心的百香果','胥馥娟','221',0,0,33004.81,532974.27,3834.83,'',0,0),(226,0,'开心的鲜枣','霍梵祥','222',0,0,5451.87,58.27,403814.59,'',0,0),(227,0,'愤怒的椰子','尹恒紫','223',0,0,37844.74,945.84,7.17,'',0,0),(228,0,'忧伤的哈密瓜','娄军茂','224',0,0,8.09,4256.29,7.76,'',0,0),(229,0,'快乐的电冰箱','奚伦娜','225',0,0,14.84,8067.83,5.44,'',0,0),(230,0,'苦恼的鲜枣','宁唯纨','226',0,0,50.04,70.56,3.49,'',0,0),(231,0,'激动的吃饭','吉富伟','227',0,0,27677.43,271.80,324.32,'',0,0),(232,0,'苦恼的西瓜','曹斌欢','228',0,0,203.41,4.45,670.19,'',0,0),(233,0,'快乐的刷碗','卞曼玉','229',0,0,2.21,7915.17,51341.77,'',0,0),(234,0,'紧张的吃饭','乔苛梁','230',0,0,10.46,85335.73,14.67,'',0,0),(235,0,'害怕的扫地','崔怡纨','231',0,0,3.29,92951.47,766199.92,'',0,0),(236,0,'苦恼的苹果','申屠亚素','232',0,0,0.78,1841.52,3.96,'',0,0),(237,0,'苦恼的空调','吴固强','233',0,0,44.85,298548.75,8595.99,'',0,0),(238,0,'激动的石榴','苗轮怡','234',0,0,8.45,78.82,19886.27,'',0,0),(239,0,'快乐的百香果','穆贵谦','235',0,0,3.27,431.69,26.93,'',0,0),(240,0,'害怕的椰子','雷浩岚','236',0,0,7240.58,65654.90,9304.49,'',0,0),(241,0,'紧张的哈密瓜','章骅雄','237',0,0,408894.98,245.54,395.18,'',0,0),(242,0,'紧张的吃饭','陈娇琳','238',0,0,7.75,565.46,423905.87,'',0,0),(243,0,'快乐的石榴','徐友蓓','239',0,0,49.18,26132.61,67631.77,'',0,0),(244,0,'开心的空调','武绍雨','240',0,0,439.81,0.09,212.40,'',0,0),(245,0,'开心的电冰箱','闵康承','241',0,0,87.81,32.45,5.65,'',0,0),(246,0,'害怕的鲜枣','庾纨宗','242',0,0,450.18,49724.22,2831.57,'',0,0),(247,0,'激动的百香果','广舒秋','243',0,0,85.11,1135.09,70.79,'',0,0),(248,0,'愤怒的西瓜','柴言文','244',0,0,6514.76,3531.43,753.19,'',0,0),(249,0,'害怕的吃饭','东方秋保','245',0,0,245.34,19865.88,939039.10,'',0,0),(250,0,'忧伤的空调','赫连宝琪','246',0,0,519.88,497.20,329.55,'',0,0),(251,0,'忧伤的石榴','马育莲','247',0,0,4.34,726575.90,6.15,'',0,0),(252,0,'激动的空调','谈凤晴','248',0,0,2.74,361.00,971135.06,'',0,0),(253,0,'苦恼的空调','晏阅容','249',0,0,685.62,5206.98,509936.03,'',0,0),(254,0,'害怕的石榴','慕容士德','250',0,0,9.51,73.07,8.71,'',0,0),(255,0,'苦恼的苹果','丁亨玲','251',0,0,770.99,61.12,4115.99,'',0,0),(256,0,'苦恼的百香果','欧武剑','252',0,0,232.03,9.23,46.08,'',0,0),(257,0,'开心的吃饭','韦霭育','253',0,0,1.84,2061.19,28.94,'',0,0),(258,0,'激动的石榴','任辰力','254',0,0,74.83,762915.82,4.43,'',0,0),(259,0,'开心的吃饭','从策婵','255',0,0,4212.71,563.73,488.44,'',0,0),(260,0,'紧张的椰子','耿宇梁','256',0,0,36.87,115545.84,769082.26,'',0,0),(261,0,'忧伤的扫地','葛咏洋','257',0,0,5.47,124328.99,681.42,'',0,0),(262,0,'害怕的学习','史新富','258',0,0,3862.75,95.58,383015.96,'',0,0),(263,0,'害怕的空调','终钧可','259',0,0,52175.12,7.89,2.06,'',0,0),(264,0,'忧伤的空调','柯菁贵','260',0,0,907381.41,0.18,6734.39,'',0,0),(265,0,'忧伤的石榴','韩承成','261',0,0,466560.56,2032.05,6.18,'',0,0),(266,0,'开心的榴莲','娄苇家','262',0,0,17.11,74.72,834.66,'',0,0),(267,0,'愤怒的西瓜','崔蓝承','263',0,0,834623.64,3.79,8557.44,'',0,0),(268,0,'忧伤的学习','令狐蕊菡','264',0,0,460.39,1924.05,780.84,'',0,0),(269,0,'紧张的电冰箱','欧阳逸刚','265',0,0,698556.08,5084.62,316605.96,'',0,0),(270,0,'开心的学习','邰素锦','266',0,0,2.56,122.46,218286.75,'',0,0),(271,0,'愤怒的吃饭','习贵菁','267',0,0,4176.88,599490.58,3692.43,'',0,0),(272,0,'苦恼的吃饭','季功风','268',0,0,64298.87,298.18,37021.29,'',0,0),(273,0,'紧张的椰子','闻飞松','269',0,0,98.27,95566.51,6.66,'',0,0),(274,0,'苦恼的石榴','安和全','270',0,0,3930.90,432.04,466717.61,'',0,0),(275,0,'忧伤的桃子','扶岩琪','271',0,0,2978.54,10.91,165446.17,'',0,0),(276,0,'苦恼的空调','赫连裕贞','272',0,0,908.73,25.30,842710.49,'',0,0),(277,0,'激动的学习','蔡松岚','273',0,0,95193.55,6.19,72.38,'',0,0),(278,0,'激动的扫地','闻人菡薇','274',0,0,949.28,924.16,66.10,'',0,0),(279,0,'快乐的鲜枣','郝会致','275',0,0,0.60,46090.79,5046.63,'',0,0),(280,0,'快乐的学习','倪明雁','276',0,0,1444.28,20114.43,43111.23,'',0,0),(281,0,'开心的空调','杨厚蓉','277',0,0,71.67,653235.88,7.77,'',0,0),(282,0,'激动的刷碗','蔡菡全','278',0,0,68.94,320241.04,8.30,'',0,0),(283,0,'苦恼的空调','史鸿妮','279',0,0,883636.41,74444.78,52567.99,'',0,0),(284,0,'忧伤的刷碗','宗政承翰','280',0,0,724.81,630684.02,1258.40,'',0,0),(285,0,'苦恼的石榴','丁馥巧','281',0,0,6254.26,3.45,75000.52,'',0,0),(286,0,'害怕的百香果','莫婕全','282',0,0,46.25,756.63,6924.27,'',0,0),(287,0,'快乐的电冰箱','袁叶榕','283',0,0,6796.70,26280.65,8.40,'',0,0),(288,0,'害怕的扫地','郝叶爽','284',0,0,8.22,6.52,834.62,'',0,0),(289,0,'苦恼的扫地','霍梁盛','285',0,0,9184.63,9573.98,0.83,'',0,0),(290,0,'激动的榴莲','解桦民','286',0,0,60844.79,965625.81,43425.14,'',0,0),(291,0,'忧伤的刷碗','孙风杰','287',0,0,159842.67,94.93,93.02,'',0,0),(292,0,'紧张的石榴','秦露轩','288',0,0,1123.55,227061.69,0.37,'',0,0),(293,0,'害怕的鲜枣','劳树勇','289',0,0,659.87,32.83,248532.56,'',0,0),(294,0,'忧伤的学习','范曼灵','290',0,0,74727.42,1.21,1.04,'',0,0),(295,0,'愤怒的鲜枣','祁璐云','291',0,0,26474.92,2.53,364.76,'',0,0),(296,0,'紧张的哈密瓜','寇淑振','292',0,0,10885.38,297.44,818742.95,'',0,0),(297,0,'苦恼的石榴','孟妮梅','293',0,0,6.35,0.58,640.62,'',0,0),(298,0,'忧伤的学习','汤茗明','294',0,0,580.94,5217.28,6822.65,'',0,0),(299,0,'苦恼的苹果','贡昌武','295',0,0,4.43,57430.56,200774.06,'',0,0),(300,0,'紧张的鲜枣','匡进娣','296',0,0,79.58,72.76,7.92,'',0,0),(301,0,'开心的石榴','贾宽梅','297',0,0,29547.22,686.32,8187.22,'',0,0),(302,0,'害怕的百香果','邵娟苇','298',0,0,306.64,470360.73,74295.78,'',0,0),(303,0,'苦恼的哈密瓜','方睿枝','299',0,0,53989.66,3055.49,6.32,'',0,0),(304,0,'快乐的扫地','杨祥璧','300',0,0,4.82,2165.40,5.92,'',0,0),(305,0,'紧张的椰子','殷珍可','301',0,0,47.89,730663.40,23389.19,'',0,0),(306,0,'忧伤的刷碗','凌旭云','302',0,0,72.41,9177.21,8.31,'',0,0),(307,0,'愤怒的哈密瓜','濮阳真枫','303',0,0,5.22,674561.55,2592.14,'',0,0),(308,0,'害怕的椰子','任曼元','304',0,0,5.45,552.95,258539.40,'',0,0),(309,0,'激动的扫地','公羊有武','305',0,0,26.29,359209.94,5.53,'',0,0),(310,0,'开心的桃子','周黛固','306',0,0,0.38,73455.06,479.48,'',0,0),(311,0,'紧张的桃子','柯宗荷','307',0,0,7.34,838811.65,341.82,'',0,0),(312,0,'忧伤的椰子','吉志彪','308',0,0,4583.32,9.69,22.56,'',0,0),(313,0,'苦恼的空调','闵曼蓉','309',0,0,68.90,409654.14,96661.36,'',0,0),(314,0,'激动的电冰箱','雷振韦','310',0,0,6.13,156507.81,6263.95,'',0,0),(315,0,'激动的椰子','石广风','311',0,0,5015.71,3.39,242379.89,'',0,0),(316,0,'害怕的吃饭','郝佳希','312',0,0,1.39,5.11,8.40,'',0,0),(317,0,'忧伤的苹果','褚榕政','313',0,0,57179.61,417163.46,42.65,'',0,0),(318,0,'苦恼的石榴','刘栋博','314',0,0,554416.39,79.00,596297.64,'',0,0),(319,0,'害怕的电冰箱','韩哲容','315',0,0,2.28,770.06,8.50,'',0,0),(320,0,'开心的鲜枣','寇月伦','316',0,0,93911.95,7136.49,253.69,'',0,0),(321,0,'快乐的哈密瓜','祁枝星','317',0,0,4.25,78177.06,7.46,'',0,0),(322,0,'快乐的鲜枣','史嘉凡','318',0,0,2.14,7697.21,248105.27,'',0,0),(323,0,'激动的百香果','单澜剑','319',0,0,83.88,95.37,76278.25,'',0,0),(324,0,'愤怒的西瓜','萧馥叶','320',0,0,1129.45,21.35,701247.28,'',0,0),(325,0,'苦恼的百香果','姚承亨','321',0,0,45.67,336233.38,1818.04,'',0,0),(326,0,'苦恼的空调','华子仁','322',0,0,2.30,29.09,670861.73,'',0,0),(327,0,'开心的石榴','章平琼','323',0,0,846.82,38240.79,755.58,'',0,0),(328,0,'激动的空调','莘鸣芝','324',0,0,879.15,3.03,504.20,'',0,0),(329,0,'开心的电冰箱','邵婕静','325',0,0,4.40,753.60,736047.11,'',0,0),(330,0,'快乐的空调','姬苛涛','326',0,0,9.83,139720.03,7.91,'',0,0),(331,0,'苦恼的空调','闻人宜丽','327',0,0,8.95,26789.13,369.34,'',0,0),(332,0,'愤怒的苹果','邓柔树','328',0,0,536.95,446.45,9.65,'',0,0),(333,0,'激动的桃子','赫连叶博','329',0,0,267.98,1654.01,16.65,'',0,0),(334,0,'快乐的椰子','柯炎宝','330',0,0,60.75,244.97,61838.80,'',0,0),(335,0,'害怕的百香果','童园梵','331',0,0,2.63,425001.88,34830.69,'',0,0),(336,0,'快乐的椰子','童永仁','332',0,0,994.89,99.14,80901.19,'',0,0),(337,0,'忧伤的苹果','宣瑗轮','333',0,0,474836.55,86942.08,1.60,'',0,0),(338,0,'开心的扫地','奚峰洋','334',0,0,362.75,9.94,69289.19,'',0,0),(339,0,'快乐的学习','令狐韵忠','335',0,0,654176.40,3809.47,173372.60,'',0,0),(340,0,'愤怒的哈密瓜','钱泰政','336',0,0,916192.24,6.69,4.83,'',0,0),(341,0,'苦恼的吃饭','尤岩叶','337',0,0,449.96,702.15,196332.94,'',0,0),(342,0,'忧伤的扫地','司马桦怡','338',0,0,307.19,87.00,65.21,'',0,0),(343,0,'快乐的石榴','潘霭炎','339',0,0,53.35,58.00,773.09,'',0,0),(344,0,'紧张的扫地','诸之学','340',0,0,345.35,98.46,0.32,'',0,0),(345,0,'忧伤的鲜枣','匡舒宽','341',0,0,20134.22,666.68,22.04,'',0,0),(346,0,'紧张的吃饭','杨婵倩','342',0,0,101.97,2351.82,9.55,'',0,0),(347,0,'快乐的椰子','闻人栋融','343',0,0,766389.07,8.82,8.80,'',0,0),(348,0,'激动的椰子','司俊倩','344',0,0,405091.98,26509.06,522.96,'',0,0),(349,0,'激动的哈密瓜','丁仁栋','345',0,0,40899.44,890799.43,0.82,'',0,0),(350,0,'愤怒的榴莲','广绿香','346',0,0,7776.41,5437.95,0.68,'',0,0),(351,0,'开心的电冰箱','戚园晴','347',0,0,6606.75,93898.74,249.47,'',0,0),(352,0,'紧张的榴莲','屠莎鸿','348',0,0,1890.18,24608.01,936.54,'',0,0),(353,0,'害怕的鲜枣','元嘉枫','349',0,0,228.98,16047.56,69298.09,'',0,0),(354,0,'忧伤的椰子','柯茜海','350',0,0,2.84,9.84,5.65,'',0,0),(355,0,'激动的鲜枣','卫胜毅','351',0,0,5.96,63001.51,38.71,'',0,0),(356,0,'激动的榴莲','吉钧儿','352',0,0,603223.19,49.08,5.42,'',0,0),(357,0,'激动的石榴','左心时','353',0,0,316582.65,61.59,6.22,'',0,0),(358,0,'激动的鲜枣','伏龙初','354',0,0,798398.22,998.16,5.33,'',0,0),(359,0,'激动的石榴','寇雄子','355',0,0,62640.12,384901.35,4.63,'',0,0),(360,0,'愤怒的苹果','纪燕维','356',0,0,34250.52,887.40,281814.95,'',0,0),(361,0,'紧张的桃子','司真富','357',0,0,761.54,4617.00,688844.20,'',0,0),(362,0,'快乐的吃饭','令狐时黛','358',0,0,416.50,61.28,4.52,'',0,0),(363,0,'开心的石榴','慕容善宏','359',0,0,55349.63,5784.60,60174.64,'',0,0),(364,0,'紧张的哈密瓜','解雪杰','360',0,0,56.09,2682.85,64789.48,'',0,0),(365,0,'激动的学习','孙媚红','361',0,0,58.37,93.28,70.08,'',0,0),(366,0,'激动的学习','淳于全之','362',0,0,6293.62,9.63,67777.71,'',0,0),(367,0,'害怕的桃子','龚梵兴','363',0,0,366592.69,831497.76,3639.41,'',0,0),(368,0,'激动的电冰箱','平哲楠','364',0,0,6.07,689.00,3502.71,'',0,0),(369,0,'紧张的桃子','齐思伟','365',0,0,9.75,21407.47,28.14,'',0,0),(370,0,'害怕的哈密瓜','淳于振紫','366',0,0,644.15,442801.64,143.99,'',0,0),(371,0,'苦恼的椰子','曹振心','367',0,0,93.60,21842.90,8964.33,'',0,0),(372,0,'激动的百香果','曲彪宏','368',0,0,97.72,47844.13,166.01,'',0,0),(373,0,'愤怒的扫地','曹茂罡','369',0,0,607.80,22.81,428531.32,'',0,0),(374,0,'愤怒的刷碗','花士浩','370',0,0,13.60,6190.42,385333.82,'',0,0),(375,0,'快乐的空调','聂宝光','371',0,0,7.20,5.76,1009.17,'',0,0),(376,0,'激动的百香果','伊澜晴','372',0,0,22446.07,839.06,726011.96,'',0,0),(377,0,'激动的扫地','宇文士风','373',0,0,314319.50,3.19,658008.90,'',0,0),(378,0,'苦恼的哈密瓜','何黛琦','374',0,0,7212.12,21.34,459507.12,'',0,0),(379,0,'害怕的榴莲','宇文荔昭','375',0,0,6140.58,474429.26,5504.07,'',0,0),(380,0,'快乐的百香果','吴宏晓','376',0,0,626822.54,8.93,54051.84,'',0,0),(381,0,'害怕的石榴','闻人昭茂','377',0,0,825609.09,41374.29,2.09,'',0,0),(382,0,'害怕的刷碗','上官紫彩','378',0,0,14.49,42319.02,330508.25,'',0,0),(383,0,'苦恼的吃饭','贡福诚','379',0,0,87021.79,187451.85,88.85,'',0,0),(384,0,'激动的百香果','傅斌冰','380',0,0,716.67,23797.18,491.01,'',0,0),(385,0,'忧伤的学习','梁亨瑞','381',0,0,11.12,54564.58,84322.51,'',0,0),(386,0,'开心的百香果','蒲馥璧','382',0,0,458560.53,4.53,70.99,'',0,0),(387,0,'激动的学习','令狐晶亨','383',0,0,947411.73,683.67,68512.16,'',0,0),(388,0,'苦恼的学习','杭丹丹','384',0,0,5010.00,64.89,5082.99,'',0,0),(389,0,'紧张的苹果','林心玲','385',0,0,405.75,3.39,1.23,'',0,0),(390,0,'紧张的百香果','姚唯栋','386',0,0,5.17,4918.38,4976.46,'',0,0),(391,0,'开心的吃饭','宗露亨','387',0,0,75757.83,31.98,7617.42,'',0,0),(392,0,'紧张的吃饭','薛媛青','388',0,0,5.96,435.58,362.05,'',0,0),(393,0,'激动的桃子','齐龙裕','389',0,0,7252.41,8214.92,70.70,'',0,0),(394,0,'快乐的扫地','翁东心','390',0,0,5.06,1.89,4.98,'',0,0),(395,0,'愤怒的榴莲','邱绿鸿','391',0,0,3326.78,462.05,144652.40,'',0,0),(396,0,'开心的西瓜','容初荣','392',0,0,7.13,815345.57,67494.59,'',0,0),(397,0,'愤怒的空调','陶旭磊','393',0,0,2971.32,2.60,74920.57,'',0,0),(398,0,'快乐的榴莲','解莉德','394',0,0,752.36,66167.51,897378.54,'',0,0),(399,0,'害怕的榴莲','聂萍仪','395',0,0,5811.47,442974.80,90.08,'',0,0),(400,0,'害怕的椰子','荆妹茂','396',0,0,594.90,960.43,7.15,'',0,0),(401,0,'快乐的桃子','通振昭','397',0,0,47470.36,9733.15,27.12,'',0,0),(402,0,'害怕的桃子','诸信睿','398',0,0,1381.29,6421.41,426.92,'',0,0),(403,0,'害怕的苹果','龚威贤','399',0,0,14754.60,7061.76,89890.25,'',0,0),(404,0,'愤怒的苹果','堵逸政','400',0,0,358.02,178194.03,265.14,'',0,0),(405,0,'苦恼的榴莲','尤弘希','401',0,0,32880.60,146965.48,24.61,'',0,0),(406,0,'害怕的石榴','喻功希','402',0,0,794645.82,1.28,46.06,'',0,0),(407,0,'开心的石榴','闻人才菊','403',0,0,199.04,752898.84,33262.59,'',0,0),(408,0,'忧伤的椰子','淳于姣唯','404',0,0,89.82,3.23,109.13,'',0,0),(409,0,'紧张的西瓜','齐爱平','405',0,0,6091.24,79.29,8.22,'',0,0),(410,0,'苦恼的刷碗','瞿莺卿','406',0,0,5.29,103.33,92821.79,'',0,0),(411,0,'激动的刷碗','闻珍先','407',0,0,7535.02,25811.10,184171.06,'',0,0),(412,0,'快乐的百香果','溥娅颖','408',0,0,727.93,525.24,360.85,'',0,0),(413,0,'快乐的吃饭','莘阅程','409',0,0,306816.44,39.60,3331.75,'',0,0),(414,0,'苦恼的桃子','苏彪艺','410',0,0,2314.60,76233.01,601135.74,'',0,0),(415,0,'愤怒的刷碗','顾颖娣','411',0,0,2366.72,92.72,1255.78,'',0,0),(416,0,'苦恼的桃子','司马堂叶','412',0,0,1.06,68337.07,0.23,'',0,0),(417,0,'激动的石榴','苗英娇','413',0,0,856.42,858.88,90291.04,'',0,0),(418,0,'忧伤的吃饭','颜梵若','414',0,0,71617.99,808219.15,44714.30,'',0,0),(419,0,'快乐的桃子','龚娣璧','415',0,0,7.82,5984.50,25708.13,'',0,0),(420,0,'快乐的榴莲','严策琳','416',0,0,63.04,96.54,47135.33,'',0,0),(421,0,'苦恼的苹果','虞慧英','417',0,0,34.31,423.22,791.41,'',0,0),(422,0,'紧张的刷碗','胡玛燕','418',0,0,579442.98,436591.66,358552.54,'',0,0),(423,0,'愤怒的苹果','柯恒玛','419',0,0,471.65,4739.62,120983.41,'',0,0),(424,0,'忧伤的刷碗','濮阳眉融','420',0,0,64280.97,54.27,771.41,'',0,0),(425,0,'愤怒的西瓜','樊苑红','421',0,0,11.50,914.36,857509.70,'',0,0),(426,0,'愤怒的椰子','终全羽','422',0,0,6806.25,31210.32,574545.29,'',0,0),(427,0,'苦恼的椰子','贾瑞宝','423',0,0,8466.45,2707.26,687.29,'',0,0),(428,0,'开心的鲜枣','林芳瑶','424',0,0,6244.06,46.13,971.23,'',0,0),(429,0,'紧张的学习','于岩志','425',0,0,371.36,53.45,921.65,'',0,0),(430,0,'紧张的百香果','关瑞群','426',0,0,843.05,1.56,73054.71,'',0,0),(431,0,'苦恼的空调','宇文发璧','427',0,0,20.68,27099.22,583.50,'',0,0),(432,0,'开心的西瓜','贾欣伦','432',0,0,3160.03,171266.56,139340.24,'',0,0),(433,0,'苦恼的西瓜','袁雪希','433',0,0,2050.50,949.99,5.87,'',0,0),(434,0,'快乐的榴莲','于健厚','434',0,0,5.96,9615.71,90.96,'',0,0),(435,0,'害怕的石榴','罗冠英','435',0,0,0.28,362468.51,7265.54,'',0,0),(436,0,'快乐的扫地','黄霄聪','436',0,0,3831.58,13452.82,96.59,'',0,0),(437,0,'快乐的电冰箱','江惠成','437',0,0,387.62,5405.50,457244.76,'',0,0),(438,0,'快乐的空调','孟涛瑶','438',0,0,528507.98,936.22,63.68,'',0,0),(439,0,'紧张的西瓜','杭柔萍','439',0,0,8586.39,96611.51,13.57,'',0,0),(440,0,'愤怒的吃饭','惠胜娥','440',0,0,6560.43,282681.80,117.43,'',0,0),(441,0,'激动的苹果','姚逸蓓','441',0,0,664738.21,3080.20,1.24,'',0,0),(442,0,'忧伤的电冰箱','邵纨爽','442',0,0,450.83,72399.65,8608.12,'',0,0),(443,0,'开心的椰子','池苇颖','443',0,0,5304.94,918.97,57.55,'',0,0),(444,0,'开心的榴莲','封洋容','444',0,0,14452.66,69.21,4.70,'',0,0),(445,0,'开心的石榴','莫中涛','445',0,0,99975.67,3.22,346973.41,'',0,0),(446,0,'苦恼的学习','柏贵发','446',0,0,27336.20,797.71,3.82,'',0,0),(447,0,'苦恼的学习','苗怡欢','447',0,0,62.26,86622.17,6558.81,'',0,0),(448,0,'紧张的鲜枣','连致艺','448',0,0,3.10,462.79,7330.94,'',0,0),(449,0,'激动的椰子','宰容媛','449',0,0,0.89,84304.41,33964.79,'',0,0),(450,0,'忧伤的百香果','邱素清','450',0,0,25.00,8625.00,688.88,'',0,0),(451,0,'害怕的空调','冯浩旭','451',0,0,8.77,6.17,985084.35,'',0,0),(452,0,'愤怒的电冰箱','令狐晶才','452',0,0,108.30,2422.10,19680.44,'',0,0),(453,0,'愤怒的鲜枣','倪竹楠','453',0,0,706361.40,677211.16,60522.72,'',0,0),(454,0,'愤怒的电冰箱','贡辉瑶','454',0,0,89.75,8.51,88247.06,'',0,0),(455,0,'激动的石榴','任义苛','455',0,0,877120.78,0.66,14275.85,'',0,0),(456,0,'紧张的扫地','贡娅钧','456',0,0,0.13,907580.92,4260.00,'',0,0),(457,0,'愤怒的刷碗','顾晓燕','457',0,0,84568.82,2009.66,828383.68,'',0,0),(458,0,'紧张的学习','鲍婉爱','458',0,0,85.21,34222.46,254.53,'',0,0),(459,0,'开心的桃子','桑武东','459',0,0,3116.49,97870.72,943.65,'',0,0),(460,0,'害怕的刷碗','阙清雄','460',0,0,614416.50,14.99,3781.98,'',0,0),(461,0,'开心的桃子','终韦荣','461',0,0,995.15,10.45,2.09,'',0,0),(462,0,'快乐的石榴','朱秋斌','462',0,0,7.43,76263.46,21300.60,'',0,0),(463,0,'激动的扫地','弘惠睿','463',0,0,3.62,369.63,7.41,'',0,0),(464,0,'快乐的榴莲','史娥堂','464',0,0,44296.23,6.80,655.83,'',0,0),(465,0,'苦恼的学习','容娥秋','465',0,0,8199.78,78.73,410260.68,'',0,0),(466,0,'激动的吃饭','田爽杰','466',0,0,265.12,49358.26,980.27,'',0,0),(467,0,'快乐的桃子','景时黛','467',0,0,5471.97,1675.00,70.31,'',0,0),(468,0,'快乐的空调','殷可静','468',0,0,50.98,24.62,7000.22,'',0,0),(469,0,'忧伤的椰子','吕敬厚','469',0,0,71212.18,68.81,841.04,'',0,0),(470,0,'忧伤的苹果','文萱曼','470',0,0,8.01,83661.98,7136.74,'',0,0),(471,0,'激动的扫地','桑翠山','471',0,0,154.87,178301.45,509.09,'',0,0),(472,0,'害怕的苹果','阮柔思','472',0,0,6717.43,623.53,241.42,'',0,0),(473,0,'愤怒的刷碗','马婕谦','473',0,0,275.18,17585.26,3355.66,'',0,0),(474,0,'忧伤的学习','冯爱胜','474',0,0,875.05,58.69,1.73,'',0,0),(475,0,'紧张的石榴','柳卿小','475',0,0,37.28,686162.03,549.61,'',0,0),(476,0,'苦恼的西瓜','项曼香','476',0,0,373872.59,7.71,5.90,'',0,0),(477,0,'苦恼的吃饭','满阅亨','477',0,0,658.42,34804.69,4.87,'',0,0),(478,0,'愤怒的椰子','叶平树','478',0,0,8.03,20657.06,45.05,'',0,0),(479,0,'紧张的桃子','宋宗广','479',0,0,593504.80,32218.09,240.70,'',0,0),(480,0,'快乐的吃饭','卓琦烟','480',0,0,3484.43,370.17,18414.20,'',0,0),(481,0,'忧伤的吃饭','利惠爽','481',0,0,98.24,2565.37,63.86,'',0,0),(482,0,'激动的百香果','马枝超','482',0,0,38.08,69133.47,59637.15,'',0,0),(483,0,'激动的空调','昌杰妮','483',0,0,6.66,66.36,876.84,'',0,0),(484,0,'激动的西瓜','欧珠琳','484',0,0,602.97,201731.71,893.29,'',0,0),(485,0,'激动的石榴','熊家建','485',0,0,199303.64,138.08,221.39,'',0,0),(486,0,'激动的学习','瞿瑶枝','486',0,0,8.86,46481.87,4.27,'',0,0),(487,0,'苦恼的吃饭','唐腾宇','487',0,0,35833.02,81222.99,87884.01,'',0,0),(488,0,'紧张的百香果','项璐露','488',0,0,58.60,343432.21,132.96,'',0,0),(489,0,'激动的西瓜','嵇武菁','489',0,0,603.19,60046.10,38.48,'',0,0),(490,0,'忧伤的石榴','禄洋咏','490',0,0,59.95,789.57,58.88,'',0,0),(491,0,'愤怒的空调','寇茗真','491',0,0,67.93,485651.15,8.20,'',0,0),(492,0,'快乐的桃子','司徒朗薇','492',0,0,12.98,95766.72,44.47,'',0,0),(493,0,'苦恼的鲜枣','寇娣晨','493',0,0,1.42,15.81,913946.36,'',0,0),(494,0,'苦恼的苹果','伊枝威','494',0,0,32561.09,32.15,981120.38,'',0,0),(495,0,'激动的学习','凌菲以','495',0,0,226382.60,49503.42,32.04,'',0,0),(496,0,'开心的哈密瓜','尉迟钧恒','496',0,0,602.75,71.89,86.58,'',0,0),(497,0,'愤怒的空调','柯梦壮','497',0,0,65.89,8174.54,9633.09,'',0,0),(498,0,'苦恼的百香果','屠宇爱','498',0,0,89709.66,477033.39,863.42,'',0,0),(499,0,'愤怒的电冰箱','国波婕','499',0,0,974276.03,68.20,52.89,'',0,0),(500,0,'愤怒的电冰箱','荀儿瑶','500',0,0,4242.75,876.75,3.46,'',0,0),(501,0,'愤怒的吃饭','贺才丽','501',0,0,42818.70,55.54,4.39,'',0,0),(502,0,'开心的百香果','雷唯翰','502',0,0,0.77,12121.58,1290.80,'',0,0),(503,0,'忧伤的石榴','梅珍君','503',0,0,848879.70,679010.80,206.22,'',0,0),(504,0,'苦恼的鲜枣','储黛致','504',0,0,817790.89,844.23,618077.75,'',0,0),(505,0,'开心的石榴','温馨玉','505',0,0,609.21,54892.83,577540.32,'',0,0),(506,0,'快乐的哈密瓜','慕容梁翠','506',0,0,588550.51,6864.56,484.01,'',0,0),(507,0,'激动的榴莲','夏凝利','507',0,0,748.23,4570.28,3.06,'',0,0),(508,0,'忧伤的椰子','郎会旭','508',0,0,1.18,16.83,503255.47,'',0,0),(509,0,'苦恼的椰子','仲孙贞霞','509',0,0,5.43,391.46,734057.77,'',0,0),(510,0,'害怕的电冰箱','冯馥才','510',0,0,7818.16,646.19,758.22,'',0,0),(511,0,'苦恼的刷碗','骆新玲','511',0,0,337.55,4.08,4.40,'',0,0),(512,0,'开心的苹果','荆恒梅','512',0,0,2474.17,1.73,500.23,'',0,0),(513,0,'忧伤的苹果','宁琬薇','513',0,0,24934.75,716.76,30234.72,'',0,0),(514,0,'快乐的西瓜','尹斌信','514',0,0,7.80,184.35,82.60,'',0,0),(515,0,'害怕的空调','穆娜梦','515',0,0,79.98,23.05,16574.34,'',0,0),(516,0,'开心的椰子','丁刚雨','516',0,0,3681.02,8450.37,6.11,'',0,0),(517,0,'害怕的电冰箱','闵容树','517',0,0,263407.93,701.49,868036.71,'',0,0),(518,0,'紧张的学习','方珊宽','518',0,0,177761.83,4625.41,976.76,'',0,0),(519,0,'激动的苹果','符桦茗','519',0,0,31.83,9.74,54.16,'',0,0),(520,0,'愤怒的百香果','阙超蓉','520',0,0,70.20,388.82,957964.49,'',0,0),(521,0,'开心的扫地','管骅时','521',0,0,4.57,39.73,376916.11,'',0,0),(522,0,'苦恼的桃子','澹台卿霄','522',0,0,39444.32,9986.09,8.07,'',0,0),(523,0,'苦恼的鲜枣','湛博庆','523',0,0,312014.80,834.23,8.03,'',0,0),(524,0,'激动的榴莲','元佳晶','524',0,0,89732.10,605.52,51285.90,'',0,0),(525,0,'愤怒的苹果','金谦锦','525',0,0,461.54,24262.87,79777.05,'',0,0),(526,0,'激动的榴莲','印寒丹','526',0,0,5.20,1981.34,22.26,'',0,0),(527,0,'忧伤的刷碗','应娇力','527',0,0,3.46,48749.43,9.38,'',0,0),(528,0,'开心的榴莲','戴成光','528',0,0,10.24,59.29,9.65,'',0,0),(529,0,'激动的榴莲','嵇斌明','529',0,0,7.28,397.87,28.88,'',0,0),(530,0,'忧伤的鲜枣','储旭旭','530',0,0,4507.90,706903.47,4.28,'',0,0),(531,0,'开心的石榴','阮希翰','531',0,0,777.96,8932.55,79.36,'',0,0),(532,0,'快乐的空调','毛贤雄','532',0,0,8.16,4.74,925.11,'',0,0),(533,0,'快乐的苹果','耿艳青','533',0,0,11775.82,2007.16,52539.43,'',0,0),(534,0,'激动的哈密瓜','田梵杰','534',0,0,8974.45,1173.23,18.83,'',0,0),(535,0,'紧张的刷碗','路亚翔','535',0,0,5384.39,455.05,339501.61,'',0,0),(536,0,'害怕的西瓜','齐琛达','536',0,0,3.33,6124.98,712.57,'',0,0),(537,0,'快乐的空调','包星翔','537',0,0,71285.35,6.33,169638.50,'',0,0),(538,0,'紧张的桃子','司恒勤','538',0,0,26.86,9033.99,404891.14,'',0,0),(539,0,'激动的空调','别利曼','539',0,0,59.25,7.64,2.13,'',0,0),(540,0,'害怕的椰子','莘亨儿','540',0,0,385.20,425.51,988.08,'',0,0),(541,0,'愤怒的扫地','闵武思','541',0,0,59.82,52739.31,41.36,'',0,0),(542,0,'紧张的吃饭','应功希','542',0,0,50.77,0.96,1591.57,'',0,0),(543,0,'忧伤的西瓜','司空滢民','543',0,0,448.81,61.64,186.52,'',0,0),(544,0,'害怕的刷碗','慕容荣良','544',0,0,3.69,70150.77,36055.14,'',0,0),(545,0,'忧伤的电冰箱','谭淑香','545',0,0,14.41,3900.49,2.74,'',0,0),(546,0,'开心的苹果','尤豪瑞','546',0,0,72469.67,4.78,81.22,'',0,0),(547,0,'害怕的百香果','尉迟维堂','547',0,0,3842.22,46491.66,787.47,'',0,0),(548,0,'苦恼的学习','逄琬茂','548',0,0,59370.30,9100.16,4944.97,'',0,0),(549,0,'愤怒的吃饭','储豪霄','549',0,0,10621.12,6.97,3616.61,'',0,0),(550,0,'愤怒的西瓜','盛晶平','550',0,0,42630.75,2.29,33.72,'',0,0),(551,0,'害怕的学习','庾菲启','551',0,0,32439.87,275509.39,4.97,'',0,0),(552,0,'忧伤的扫地','公孙利炎','552',0,0,131.85,0.24,15759.81,'',0,0),(553,0,'快乐的西瓜','公孙钧榕','553',0,0,1.87,73.42,3.66,'',0,0),(554,0,'快乐的桃子','滕鸿贞','554',0,0,2886.65,5556.25,9938.99,'',0,0),(555,0,'苦恼的石榴','阮娣邦','555',0,0,9.13,3087.18,89.64,'',0,0),(556,0,'紧张的哈密瓜','葛凤炎','556',0,0,97924.53,163609.94,16.61,'',0,0),(557,0,'忧伤的空调','司马雨舒','557',0,0,429.28,806687.00,144368.15,'',0,0),(558,0,'快乐的石榴','水承剑','558',0,0,631607.92,20.45,62.15,'',0,0),(559,0,'激动的电冰箱','戴宏朗','559',0,0,7739.74,320804.18,609.19,'',0,0),(560,0,'愤怒的空调','邵成茗','560',0,0,42924.38,9.82,4990.73,'',0,0),(561,0,'激动的哈密瓜','柯兰蕊','561',0,0,722091.35,8.78,779.56,'',0,0),(562,0,'开心的刷碗','蓝君辉','562',0,0,527.20,58.96,153948.68,'',0,0),(563,0,'紧张的电冰箱','符曼晴','563',0,0,55396.18,64.02,385.41,'',0,0),(564,0,'苦恼的学习','孙娟义','564',0,0,2285.44,14.80,59292.35,'',0,0),(565,0,'快乐的鲜枣','邱磊阳','565',0,0,556.93,9.54,83.99,'',0,0),(566,0,'紧张的苹果','喻才梦','566',0,0,3165.91,40.68,97.55,'',0,0),(567,0,'苦恼的榴莲','谈芝泽','567',0,0,72513.15,94.69,45.20,'',0,0),(568,0,'快乐的哈密瓜','李珍广','568',0,0,99.23,406.14,753064.77,'',0,0),(569,0,'激动的扫地','徐福宝','569',0,0,70.97,5318.37,29325.11,'',0,0),(570,0,'害怕的苹果','邢军伯','570',0,0,840.42,373515.64,589.10,'',0,0),(571,0,'开心的电冰箱','杭雨乐','571',0,0,60.36,42939.55,399313.35,'',0,0),(572,0,'激动的扫地','堵超倩','572',0,0,14.43,600.94,73.60,'',0,0),(573,0,'苦恼的空调','苏旭绿','573',0,0,73.25,9367.88,970.23,'',0,0),(574,0,'开心的石榴','阎飘全','574',0,0,600330.66,7.42,907301.42,'',0,0),(575,0,'激动的哈密瓜','印雄婵','575',0,0,87428.00,42918.57,1.40,'',0,0),(576,0,'害怕的哈密瓜','窦功亨','576',0,0,932.98,441.97,642.97,'',0,0),(577,0,'愤怒的椰子','支娅维','577',0,0,72.28,124742.59,86.85,'',0,0),(578,0,'忧伤的刷碗','文行云','578',0,0,49.27,692.77,92627.53,'',0,0),(579,0,'激动的百香果','纪志翔','579',0,0,3.50,53.58,69243.30,'',0,0),(580,0,'紧张的榴莲','胥乐姣','580',0,0,6825.61,61.40,89.26,'',0,0),(581,0,'激动的电冰箱','汤光薇','581',0,0,58.81,95671.00,7.41,'',0,0),(582,0,'忧伤的空调','怀海康','582',0,0,107948.08,3.25,7.04,'',0,0),(583,0,'忧伤的百香果','宰澜凝','583',0,0,0.84,387803.57,1.12,'',0,0),(584,0,'紧张的西瓜','通才青','584',0,0,80.74,440114.31,66837.80,'',0,0),(585,0,'快乐的桃子','向丹唯','585',0,0,836.79,51390.04,26191.96,'',0,0),(586,0,'开心的电冰箱','单于枝雪','586',0,0,6.78,733.80,71931.01,'',0,0),(587,0,'苦恼的电冰箱','慕容厚妮','587',0,0,49.16,7.69,452597.18,'',0,0),(588,0,'激动的刷碗','应玉真','588',0,0,78868.98,89.91,43820.95,'',0,0),(589,0,'紧张的刷碗','尚艳宜','589',0,0,2.24,10.00,47312.51,'',0,0),(590,0,'快乐的哈密瓜','柯娇阅','590',0,0,89.09,6061.00,8700.59,'',0,0),(591,0,'忧伤的石榴','司空佳芝','591',0,0,610.35,4.37,60758.58,'',0,0),(592,0,'激动的鲜枣','郎宝娇','592',0,0,33.63,60919.26,25.50,'',0,0),(593,0,'害怕的扫地','晏心轮','593',0,0,15.22,505567.24,10244.54,'',0,0),(594,0,'害怕的椰子','薛荣言','594',0,0,345.39,97.00,8.32,'',0,0),(595,0,'快乐的学习','熊馥芸','595',0,0,2.08,2955.43,2.37,'',0,0),(596,0,'开心的石榴','庄旭婷','596',0,0,78386.32,89105.52,203.01,'',0,0),(597,0,'苦恼的石榴','莘军芝','597',0,0,2.98,68138.28,7456.33,'',0,0),(598,0,'紧张的吃饭','谭轩有','598',0,0,8903.72,7.36,7719.45,'',0,0),(599,0,'激动的鲜枣','闻人芬豪','599',0,0,439721.60,895573.90,1100.87,'',0,0),(600,0,'愤怒的吃饭','平春伯','600',0,0,53750.71,63130.88,465249.43,'',0,0),(601,0,'愤怒的石榴','庄达阅','601',0,0,58664.73,4816.34,6.98,'',0,0),(602,0,'激动的学习','郎恒蝶','602',0,0,117509.51,6319.12,9.97,'',0,0),(603,0,'快乐的苹果','姜振浩','603',0,0,84706.82,18.86,466757.09,'',0,0),(604,0,'苦恼的鲜枣','仲孙真庆','604',0,0,13633.18,141.06,6096.89,'',0,0),(605,0,'激动的鲜枣','阎芸环','605',0,0,537736.16,428543.11,73.82,'',0,0),(606,0,'紧张的椰子','仲孙伦巧','606',0,0,91.80,1457.62,50298.78,'',0,0),(607,0,'激动的空调','陆娥胜','607',0,0,13766.61,253.13,8.91,'',0,0),(608,0,'害怕的扫地','骆秀鹏','608',0,0,4.95,62.02,47.60,'',0,0),(609,0,'激动的石榴','祁聪青','609',0,0,42.52,8421.25,2.49,'',0,0),(610,0,'紧张的苹果','秦峰清','610',0,0,63.40,32703.41,376.26,'',0,0),(611,0,'快乐的学习','颜才洋','611',0,0,19.97,586.28,27.09,'',0,0),(612,0,'苦恼的百香果','宗环剑','612',0,0,781566.15,859.67,82.18,'',0,0),(613,0,'紧张的哈密瓜','龙素玉','613',0,0,21.90,6.22,190177.49,'',0,0),(614,0,'苦恼的榴莲','匡进素','614',0,0,570.74,2.23,41083.93,'',0,0),(615,0,'开心的电冰箱','关萱翠','615',0,0,227.63,42.47,463.92,'',0,0),(616,0,'激动的苹果','戴莎雁','616',0,0,8581.52,67.17,7980.53,'',0,0),(617,0,'紧张的榴莲','闻芸辉','617',0,0,2.39,786851.65,244.22,'',0,0),(618,0,'快乐的空调','詹青霞','618',0,0,91.29,4.07,77657.53,'',0,0),(619,0,'开心的百香果','虞仪兰','619',0,0,496805.31,9428.05,9.14,'',0,0),(620,0,'愤怒的桃子','喻诚春','620',0,0,84273.97,8.64,3418.49,'',0,0),(621,0,'愤怒的百香果','屠富绿','621',0,0,660124.72,3829.56,9039.58,'',0,0),(622,0,'紧张的西瓜','储强庆','622',0,0,33492.19,45729.50,19236.36,'',0,0),(623,0,'苦恼的电冰箱','申屠菡莺','623',0,0,90.20,29073.82,103.64,'',0,0),(624,0,'激动的刷碗','熊萱才','624',0,0,150.38,41453.90,41244.05,'',0,0),(625,0,'害怕的学习','通波波','625',0,0,23584.64,1.67,79391.05,'',0,0),(626,0,'激动的百香果','孟桦欢','626',0,0,65609.12,3.15,9.43,'',0,0),(627,0,'愤怒的哈密瓜','满杰儿','627',0,0,494061.29,973964.26,96418.36,'',0,0),(628,0,'害怕的榴莲','吴言华','628',0,0,157902.25,56.67,470641.40,'',0,0),(629,0,'开心的刷碗','温振云','629',0,0,7.96,7981.26,71568.30,'',0,0),(630,0,'忧伤的石榴','安媚朋','630',0,0,475.32,53.84,92586.60,'',0,0),(631,0,'快乐的扫地','公孙灵辉','631',0,0,990.62,16.96,594.47,'',0,0),(632,0,'开心的榴莲','杜娇婵','632',0,0,6.04,31813.33,130849.05,'',0,0),(633,0,'快乐的苹果','宗政武韦','633',0,0,369982.71,330019.23,9.31,'',0,0),(634,0,'愤怒的电冰箱','习琬鸣','634',0,0,92.59,671.17,2411.65,'',0,0),(635,0,'忧伤的鲜枣','吉云逸','635',0,0,2216.09,85213.68,918.98,'',0,0),(636,0,'害怕的扫地','莘康康','636',0,0,4459.37,17.18,36265.39,'',0,0),(637,0,'开心的吃饭','寿承丹','637',0,0,961.79,586.15,54284.11,'',0,0),(638,0,'开心的哈密瓜','奚晓泰','638',0,0,46.38,1.64,99.36,'',0,0),(639,0,'紧张的鲜枣','慕容天珠','639',0,0,8743.64,457582.65,693341.90,'',0,0),(640,0,'忧伤的百香果','吕蕊泽','640',0,0,61.25,2364.54,2.38,'',0,0),(641,0,'紧张的空调','雍德滢','641',0,0,1.00,4763.41,8.13,'',0,0),(642,0,'快乐的石榴','盛行鸿','642',0,0,460.98,2318.90,71.51,'',0,0),(643,0,'快乐的西瓜','农小政','643',0,0,36.16,780.29,5.36,'',0,0),(644,0,'害怕的鲜枣','谢会绿','644',0,0,2.06,37.87,420378.70,'',0,0),(645,0,'苦恼的西瓜','缪广梁','645',0,0,5838.65,69.61,30705.79,'',0,0),(646,0,'紧张的刷碗','贾克志','646',0,0,73.45,39.74,6908.79,'',0,0),(647,0,'激动的桃子','古建瑾','647',0,0,21.82,56897.26,2617.58,'',0,0),(648,0,'害怕的百香果','项博会','648',0,0,58604.46,85.56,833.64,'',0,0),(649,0,'苦恼的哈密瓜','季蝶筠','649',0,0,938625.38,86100.45,1909.40,'',0,0),(650,0,'激动的苹果','耿倩学','650',0,0,69.27,82874.40,7.48,'',0,0),(651,0,'紧张的榴莲','耿雨波','651',0,0,301339.62,6.13,10602.02,'',0,0),(652,0,'快乐的鲜枣','向桦蝶','652',0,0,97755.34,592.97,13.04,'',0,0),(653,0,'激动的电冰箱','贺豪功','653',0,0,125.44,8118.70,63974.14,'',0,0),(654,0,'愤怒的电冰箱','苏义心','654',0,0,682.15,401017.00,146.38,'',0,0),(655,0,'快乐的鲜枣','封瑞妹','655',0,0,941377.93,403.38,16.63,'',0,0),(656,0,'激动的鲜枣','龙琬小','656',0,0,261900.53,18422.30,35499.02,'',0,0),(657,0,'开心的百香果','翁彪娣','657',0,0,10.88,124.69,14.01,'',0,0),(658,0,'紧张的学习','东方小青','658',0,0,626592.60,87743.18,1.05,'',0,0),(659,0,'紧张的鲜枣','庞冠洋','659',0,0,860653.36,272.95,9969.42,'',0,0),(660,0,'快乐的椰子','纪国翰','660',0,0,3211.99,10.00,2830.44,'',0,0),(661,0,'快乐的榴莲','祁淑融','661',0,0,5018.16,3689.95,11273.75,'',0,0),(662,0,'愤怒的学习','通君若','662',0,0,5723.38,84.75,9.07,'',0,0),(663,0,'忧伤的桃子','嵇露武','663',0,0,593.48,37389.18,59.30,'',0,0),(664,0,'愤怒的空调','步勇江','664',0,0,595885.88,428.46,70027.16,'',0,0),(665,0,'激动的学习','董乐露','665',0,0,96.98,701715.50,4584.55,'',0,0),(666,0,'苦恼的学习','荆德娴','666',0,0,935.61,16392.33,52016.72,'',0,0),(667,0,'忧伤的吃饭','溥林菁','667',0,0,49793.11,726943.61,8.39,'',0,0),(668,0,'快乐的刷碗','顾琼盛','668',0,0,0.14,7.56,8204.95,'',0,0),(669,0,'激动的刷碗','姬琦纯','669',0,0,6.79,7302.11,65.08,'',0,0),(670,0,'开心的百香果','柯杰林','670',0,0,22.36,186112.77,54.33,'',0,0),(671,0,'害怕的桃子','骆文琰','671',0,0,296.54,564.42,60.64,'',0,0),(672,0,'愤怒的桃子','常清筠','672',0,0,5.28,917800.49,3.53,'',0,0),(673,0,'愤怒的百香果','甄瑶鹏','673',0,0,9.95,31.91,8.17,'',0,0),(674,0,'忧伤的榴莲','慕容有静','674',0,0,504.25,63.00,9.54,'',0,0),(675,0,'快乐的苹果','闵艳瑾','675',0,0,44953.36,9406.58,135.26,'',0,0),(676,0,'害怕的榴莲','卓莺婕','676',0,0,885.16,7573.82,111345.10,'',0,0),(677,0,'忧伤的榴莲','聂罡妹','677',0,0,58.99,746.11,284023.46,'',0,0),(678,0,'苦恼的刷碗','倪义全','678',0,0,496395.07,18068.68,6449.78,'',0,0),(679,0,'愤怒的苹果','伏胜程','679',0,0,76024.04,353718.31,7.41,'',0,0),(680,0,'紧张的刷碗','雍小锦','680',0,0,8.15,189707.73,0.83,'',0,0),(681,0,'苦恼的扫地','国妮珍','681',0,0,3.65,80662.53,4.07,'',0,0),(682,0,'愤怒的鲜枣','葛睿宽','682',0,0,2.84,8922.85,43110.49,'',0,0),(683,0,'害怕的榴莲','谢天宽','683',0,0,83105.16,93234.23,34028.29,'',0,0),(684,0,'害怕的苹果','蔡梁谦','684',0,0,349.26,56.26,78.11,'',0,0),(685,0,'害怕的鲜枣','郝眉翠','685',0,0,8.86,938.87,378.01,'',0,0),(686,0,'激动的椰子','诸葛巧嘉','686',0,0,23824.51,17166.83,8615.78,'',0,0),(687,0,'愤怒的苹果','连毅晶','687',0,0,621.60,82042.19,1.28,'',0,0),(688,0,'愤怒的苹果','安烟成','688',0,0,94507.17,5.00,458.21,'',0,0),(689,0,'紧张的椰子','曹元贞','689',0,0,356372.98,76503.52,7983.35,'',0,0),(690,0,'害怕的西瓜','骆秀晨','690',0,0,630.82,4790.18,24255.89,'',0,0),(691,0,'苦恼的榴莲','左蓓咏','691',0,0,56966.59,461.91,6979.13,'',0,0),(692,0,'开心的苹果','伊策梁','692',0,0,708891.50,61.32,94.75,'',0,0),(693,0,'快乐的椰子','平翠芝','693',0,0,655943.32,953.24,71937.06,'',0,0),(694,0,'快乐的榴莲','杜茜琪','694',0,0,3239.28,513.94,82.21,'',0,0),(695,0,'苦恼的扫地','黄凝雨','695',0,0,9210.43,917275.92,2.81,'',0,0),(696,0,'苦恼的学习','彭曼烟','696',0,0,4657.82,3.31,1.52,'',0,0),(697,0,'快乐的苹果','郝诚剑','697',0,0,6311.44,10.24,46.08,'',0,0),(698,0,'快乐的苹果','习涛青','698',0,0,570667.59,794.50,27.99,'',0,0),(699,0,'害怕的鲜枣','邱利雅','699',0,0,256.95,897.26,6.46,'',0,0),(700,0,'愤怒的学习','冉仁朗','700',0,0,1.47,9217.66,6286.33,'',0,0),(701,0,'紧张的苹果','裴贝毅','701',0,0,52755.33,64191.02,64139.66,'',0,0),(702,0,'愤怒的鲜枣','宇文睿怡','702',0,0,6.15,22672.89,57.13,'',0,0),(703,0,'害怕的空调','连忠雅','703',0,0,2.69,36732.55,2634.64,'',0,0),(704,0,'快乐的榴莲','惠亨宽','704',0,0,3.10,88041.15,25073.16,'',0,0),(705,0,'开心的吃饭','尹轩刚','705',0,0,311823.88,98441.96,264.23,'',0,0),(706,0,'害怕的扫地','梁欢卿','706',0,0,1.73,8.13,607.92,'',0,0),(707,0,'紧张的刷碗','姚琛民','707',0,0,683.01,5727.57,2162.65,'',0,0),(708,0,'苦恼的吃饭','司空叶弘','708',0,0,9.97,634.12,82.41,'',0,0),(709,0,'愤怒的电冰箱','景言亚','709',0,0,6232.61,6.41,4.14,'',0,0),(710,0,'忧伤的西瓜','颜兴伟','710',0,0,7590.27,92.88,0.17,'',0,0),(711,0,'愤怒的桃子','娄洋兰','711',0,0,0.98,33703.06,4.73,'',0,0),(712,0,'开心的哈密瓜','扶娣霄','712',0,0,6475.26,6.40,73613.16,'',0,0),(713,0,'害怕的空调','翟琼顺','713',0,0,5.34,6.43,5716.25,'',0,0),(714,0,'快乐的苹果','霍烁林','714',0,0,24574.29,24.09,18.93,'',0,0),(715,0,'忧伤的学习','怀顺妍','715',0,0,50.98,1.17,208.94,'',0,0),(716,0,'忧伤的空调','项宜苑','716',0,0,842249.27,1221.43,8.99,'',0,0),(717,0,'紧张的桃子','燕初巧','717',0,0,7714.04,548.90,48758.99,'',0,0),(718,0,'紧张的扫地','盛伦春','718',0,0,18866.07,29.03,898.97,'',0,0),(719,0,'激动的苹果','解枝芬','719',0,0,315892.03,946.56,707498.35,'',0,0),(720,0,'害怕的西瓜','程斌勤','720',0,0,2.41,1233.50,914928.12,'',0,0),(721,0,'苦恼的石榴','支娟希','721',0,0,344.22,91.30,9719.43,'',0,0),(722,0,'紧张的刷碗','唐凤斌','722',0,0,976.24,79.02,14.93,'',0,0),(723,0,'忧伤的西瓜','戚子武','723',0,0,0.61,909685.75,6987.71,'',0,0),(724,0,'苦恼的哈密瓜','晏萱进','724',0,0,1138.25,65814.22,5.71,'',0,0),(725,0,'害怕的苹果','温欢聪','725',0,0,92772.66,889827.14,23.76,'',0,0),(726,0,'忧伤的刷碗','储雁蓉','726',0,0,535353.48,44528.28,5.88,'',0,0),(727,0,'苦恼的学习','桑月克','727',0,0,73.68,85956.05,40909.65,'',0,0),(728,0,'忧伤的百香果','范勇毓','728',0,0,4.55,99721.18,215.01,'',0,0),(729,0,'紧张的哈密瓜','索朋毓','729',0,0,2.41,95682.49,5.14,'',0,0),(730,0,'激动的扫地','谭涛保','730',0,0,44039.44,56294.37,856642.13,'',0,0),(731,0,'忧伤的石榴','阎亨俊','731',0,0,171308.73,5574.89,24.49,'',0,0),(732,0,'愤怒的榴莲','魏荔娣','732',0,0,8072.23,39.38,58.00,'',0,0),(733,0,'紧张的西瓜','马山莉','733',0,0,2516.54,518985.90,88.68,'',0,0),(734,0,'苦恼的扫地','黄巧宇','734',0,0,1711.55,252377.72,36.55,'',0,0),(735,0,'忧伤的石榴','濮阳育烁','735',0,0,55.26,14741.43,622.61,'',0,0),(736,0,'开心的空调','嵇健贵','736',0,0,1.21,3.88,8283.33,'',0,0),(737,0,'愤怒的空调','胥青江','737',0,0,39594.41,18503.93,942198.91,'',0,0),(738,0,'苦恼的椰子','翟诚斌','738',0,0,6670.67,0.28,920.35,'',0,0),(739,0,'愤怒的空调','毛菲翠','739',0,0,30.39,5.97,310586.63,'',0,0),(740,0,'苦恼的榴莲','柯儿元','740',0,0,75.00,4220.79,5.62,'',0,0),(741,0,'愤怒的空调','甘韵榕','741',0,0,32465.05,99522.36,803.19,'',0,0),(742,0,'激动的吃饭','闵丽英','742',0,0,843017.43,6.25,88545.62,'',0,0),(743,0,'苦恼的扫地','邱淑馥','743',0,0,930.86,9.40,42.53,'',0,0),(744,0,'激动的榴莲','韦绍维','744',0,0,339.20,344.44,764.09,'',0,0),(745,0,'开心的学习','仲飘蓝','745',0,0,78204.16,63761.65,5579.84,'',0,0),(746,0,'开心的百香果','巩飞致','746',0,0,1.57,328.39,25081.31,'',0,0),(747,0,'激动的空调','龚义冠','747',0,0,91309.73,35.07,1.31,'',0,0),(748,0,'忧伤的椰子','殷乐心','748',0,0,429.18,37652.59,5.51,'',0,0),(749,0,'忧伤的石榴','尹豪梁','749',0,0,922.17,735.99,6026.98,'',0,0),(750,0,'苦恼的电冰箱','程志翰','750',0,0,15.30,430.49,8.54,'',0,0),(751,0,'紧张的桃子','宗言媛','751',0,0,710.52,967.23,65071.40,'',0,0),(752,0,'害怕的扫地','蓝宏河','752',0,0,5344.06,911780.29,768.87,'',0,0),(753,0,'紧张的百香果','薛欢梁','753',0,0,758.51,3.70,9.30,'',0,0),(754,0,'紧张的石榴','祁芸伊','754',0,0,327767.94,52.14,7108.39,'',0,0),(755,0,'忧伤的鲜枣','戚德澜','755',0,0,3.89,3.19,893902.60,'',0,0),(756,0,'激动的学习','柯舒苛','756',0,0,0.28,59.67,7.59,'',0,0),(757,0,'快乐的苹果','黎梁纨','757',0,0,90.78,670.94,4071.63,'',0,0),(758,0,'开心的鲜枣','古育弘','758',0,0,7.28,47.27,6.12,'',0,0),(759,0,'苦恼的桃子','萧馥贤','759',0,0,18671.02,88989.20,545.33,'',0,0),(760,0,'害怕的鲜枣','公羊苛俊','760',0,0,6510.92,872.42,57029.45,'',0,0),(761,0,'快乐的刷碗','文怡涛','761',0,0,391.22,89.80,14230.05,'',0,0),(762,0,'愤怒的桃子','邰凤骅','762',0,0,306.43,962.87,70431.00,'',0,0),(763,0,'紧张的鲜枣','郎泽玉','763',0,0,510378.54,823760.68,593063.65,'',0,0),(764,0,'愤怒的榴莲','杜锦梅','764',0,0,221853.59,340664.18,291617.10,'',0,0),(765,0,'苦恼的刷碗','包兰爱','765',0,0,6.27,0.39,43.89,'',0,0),(766,0,'快乐的哈密瓜','景盛宝','766',0,0,5074.32,733.86,61.98,'',0,0),(767,0,'苦恼的鲜枣','张芸逸','767',0,0,6056.79,734006.80,699796.18,'',0,0),(768,0,'激动的扫地','高梦露','768',0,0,5572.08,8.90,93.07,'',0,0),(769,0,'愤怒的扫地','柯琼悦','769',0,0,2969.83,7102.06,38.73,'',0,0),(770,0,'愤怒的石榴','师泽秀','770',0,0,3943.60,819544.82,67252.95,'',0,0),(771,0,'紧张的百香果','潘璧娣','771',0,0,6266.24,617.16,5.35,'',0,0),(772,0,'紧张的吃饭','陈裕婷','772',0,0,3273.79,447.95,29.67,'',0,0),(773,0,'开心的百香果','褚宽胜','773',0,0,52.65,15.07,38.62,'',0,0),(774,0,'愤怒的椰子','印柔功','774',0,0,509427.43,628868.47,5.10,'',0,0),(775,0,'愤怒的吃饭','戴竹慧','775',0,0,134923.11,240.42,44.74,'',0,0),(776,0,'快乐的百香果','钟烟珠','776',0,0,7177.41,13.69,57744.80,'',0,0),(777,0,'激动的桃子','凤民琼','777',0,0,840.71,8550.49,6150.05,'',0,0),(778,0,'忧伤的苹果','裘枫娣','778',0,0,881449.45,23442.14,598045.33,'',0,0),(779,0,'害怕的石榴','阎苛姬','779',0,0,4172.30,874.33,83722.68,'',0,0),(780,0,'愤怒的鲜枣','喻梦行','780',0,0,57.99,8541.75,16910.84,'',0,0),(781,0,'害怕的扫地','东方蓝成','781',0,0,8.20,19030.31,61201.38,'',0,0),(782,0,'忧伤的鲜枣','范韦天','782',0,0,0.84,4025.68,93.30,'',0,0),(783,0,'苦恼的扫地','满宇杰','783',0,0,501449.35,18.10,9873.77,'',0,0),(784,0,'开心的椰子','邓进志','784',0,0,69.99,457.73,32587.44,'',0,0),(785,0,'激动的刷碗','项贞言','785',0,0,20.89,18.93,8192.93,'',0,0),(786,0,'紧张的苹果','尤薇妍','786',0,0,45228.87,1742.08,33.13,'',0,0),(787,0,'忧伤的西瓜','崔丹茗','787',0,0,9330.13,39.05,49.34,'',0,0),(788,0,'害怕的吃饭','娄绿芳','788',0,0,799.76,602747.50,2.03,'',0,0),(789,0,'苦恼的电冰箱','公冶绿嘉','789',0,0,156.46,52.21,183.61,'',0,0),(790,0,'激动的桃子','汪轩兴','790',0,0,698679.31,5.34,4875.26,'',0,0),(791,0,'愤怒的电冰箱','霍伦颖','791',0,0,857871.34,2.64,80.72,'',0,0),(792,0,'激动的学习','郝斌贤','792',0,0,25008.93,3.32,58.88,'',0,0),(793,0,'激动的扫地','蓝俊彪','793',0,0,2208.74,886.87,8447.08,'',0,0),(794,0,'苦恼的吃饭','柴言素','794',0,0,7598.97,31831.67,15.30,'',0,0),(795,0,'害怕的空调','申屠娣雅','795',0,0,4982.61,20171.32,14049.96,'',0,0),(796,0,'害怕的空调','董慧栋','796',0,0,29.74,4.79,9.65,'',0,0),(797,0,'快乐的空调','伏新东','797',0,0,4204.68,98192.97,4622.63,'',0,0),(798,0,'害怕的西瓜','堵民翔','798',0,0,886.97,9763.17,504.71,'',0,0),(799,0,'忧伤的苹果','关绿若','799',0,0,499831.99,20.81,893.35,'',0,0),(800,0,'愤怒的苹果','云波中','800',0,0,84.55,86.26,7617.99,'',0,0),(801,0,'愤怒的吃饭','程壮榕','801',0,0,82734.71,434.96,931184.29,'',0,0),(802,0,'紧张的学习','杭之玛','802',0,0,48583.21,379641.54,1684.78,'',0,0),(803,0,'快乐的吃饭','柯晶海','803',0,0,1.02,1163.60,531.81,'',0,0),(804,0,'紧张的石榴','应庆策','804',0,0,58270.06,643.90,198487.88,'',0,0),(805,0,'愤怒的榴莲','孙彬瑗','805',0,0,921.27,616.73,41224.24,'',0,0),(806,0,'紧张的扫地','林纨泽','806',0,0,82.18,2.22,7.96,'',0,0),(807,0,'忧伤的吃饭','夏若冠','807',0,0,59933.77,35.65,5.23,'',0,0),(808,0,'苦恼的吃饭','惠黛冰','808',0,0,49.45,384417.79,59280.28,'',0,0),(809,0,'紧张的哈密瓜','谢之轮','809',0,0,94589.38,94.77,67.72,'',0,0),(810,0,'快乐的西瓜','湛航菊','810',0,0,2460.70,7.59,392.23,'',0,0),(811,0,'激动的学习','储邦伊','811',0,0,38093.43,6508.95,98974.96,'',0,0),(812,0,'苦恼的百香果','扶学寒','812',0,0,28.69,41934.10,4145.94,'',0,0),(813,0,'快乐的石榴','张蓓芳','813',0,0,8.68,2155.96,63533.73,'',0,0),(814,0,'忧伤的扫地','支广信','814',0,0,75.76,907687.28,516.75,'',0,0),(815,0,'紧张的西瓜','廖朋纯','815',0,0,359.87,105.61,100.85,'',0,0),(816,0,'紧张的扫地','聂梦羽','816',0,0,34351.89,8.46,5.16,'',0,0),(817,0,'忧伤的空调','戚辰保','817',0,0,925931.14,95.19,979704.00,'',0,0),(818,0,'愤怒的鲜枣','夏良建','818',0,0,6.00,61.53,85.12,'',0,0),(819,0,'愤怒的空调','莘勤雪','819',0,0,3.69,8619.83,200606.79,'',0,0),(820,0,'紧张的石榴','屈勇琼','820',0,0,7965.16,8546.56,51767.08,'',0,0),(821,0,'愤怒的电冰箱','钱子莺','821',0,0,1892.22,857091.52,690.10,'',0,0),(822,0,'忧伤的百香果','薛哲仪','822',0,0,57.54,44843.22,39579.59,'',0,0),(823,0,'害怕的扫地','单于梦雯','823',0,0,97259.73,516.64,957.18,'',0,0),(824,0,'激动的榴莲','惠瑞明','824',0,0,983554.86,5.94,1.73,'',0,0),(825,0,'忧伤的椰子','冯致松','825',0,0,36330.12,1514.38,2665.68,'',0,0),(826,0,'苦恼的刷碗','乔和睿','826',0,0,885018.80,3.98,99.92,'',0,0),(827,0,'快乐的刷碗','孙倩鹏','827',0,0,45.90,7.38,4.43,'',0,0),(828,0,'忧伤的百香果','郑彩琰','828',0,0,6.07,7649.99,9.85,'',0,0),(829,0,'苦恼的鲜枣','连秀蓓','829',0,0,13.75,5.08,458618.77,'',0,0),(830,0,'紧张的榴莲','卓苛利','830',0,0,7.36,896174.99,97.40,'',0,0),(831,0,'苦恼的百香果','宗昌邦','831',0,0,322.82,946277.74,309.24,'',0,0),(832,0,'愤怒的吃饭','劳萱泽','832',0,0,39398.23,154540.67,222924.28,'',0,0),(833,0,'开心的鲜枣','公羊世振','833',0,0,425.25,1757.47,8793.23,'',0,0),(834,0,'紧张的桃子','易黛贤','834',0,0,4.23,25589.61,983184.71,'',0,0),(835,0,'忧伤的空调','桑振龙','835',0,0,18.09,606.63,355515.74,'',0,0),(836,0,'苦恼的鲜枣','冯珊韵','836',0,0,6.88,58028.27,7982.06,'',0,0),(837,0,'开心的空调','阮信发','837',0,0,569498.16,554.88,366.71,'',0,0),(838,0,'害怕的吃饭','叶国承','838',0,0,10403.79,99.62,923.49,'',0,0),(839,0,'开心的吃饭','任琳毅','839',0,0,8.07,5519.32,59.98,'',0,0),(840,0,'忧伤的椰子','薛聪时','840',0,0,7040.43,6.44,128389.49,'',0,0),(841,0,'紧张的石榴','鲁光河','841',0,0,623.61,410553.18,80925.68,'',0,0),(842,0,'苦恼的鲜枣','封磊风','842',0,0,292140.42,251.57,6.92,'',0,0),(843,0,'开心的电冰箱','徐河梦','843',0,0,69168.68,688422.76,324785.48,'',0,0),(844,0,'激动的百香果','秦苛莎','844',0,0,70536.65,2852.11,35.26,'',0,0),(845,0,'忧伤的刷碗','荣媛旭','845',0,0,613506.76,2.35,802.10,'',0,0),(846,0,'忧伤的桃子','尚小露','846',0,0,207.29,2539.95,46.30,'',0,0),(847,0,'开心的桃子','朱斌枫','847',0,0,4.85,8.93,5734.49,'',0,0),(848,0,'快乐的石榴','惠群峰','848',0,0,74.68,71.63,52298.83,'',0,0),(849,0,'苦恼的哈密瓜','燕鸣有','849',0,0,7488.14,59531.64,59915.58,'',0,0),(850,0,'愤怒的椰子','安有苑','850',0,0,3640.70,287381.96,5.18,'',0,0),(851,0,'苦恼的石榴','令狐莲茜','851',0,0,980.47,5122.34,81134.09,'',0,0),(852,0,'苦恼的榴莲','狄桂颖','852',0,0,7.32,1.04,11048.66,'',0,0),(853,0,'愤怒的哈密瓜','嵇世榕','853',0,0,7720.75,34000.48,168164.44,'',0,0),(854,0,'苦恼的空调','窦欢园','854',0,0,870.93,25431.16,6242.78,'',0,0),(855,0,'苦恼的桃子','慕容岚轮','855',0,0,5369.23,402.64,2061.48,'',0,0),(856,0,'开心的哈密瓜','阎影盛','856',0,0,84923.70,70.06,97215.86,'',0,0),(857,0,'快乐的西瓜','殷芳超','857',0,0,797015.80,220.47,679.32,'',0,0),(858,0,'快乐的学习','莫惠绍','858',0,0,294197.79,891.09,45.73,'',0,0),(859,0,'紧张的鲜枣','淳于琰庆','859',0,0,80.80,453.97,8.67,'',0,0),(860,0,'快乐的电冰箱','石宏淑','860',0,0,449.85,65.41,304.67,'',0,0),(861,0,'紧张的桃子','樊维利','861',0,0,813960.01,98.37,47169.86,'',0,0),(863,0,'激动的哈密瓜','司马浩生','862',0,0,2850.46,1.83,509.85,'',0,0),(864,0,'愤怒的桃子','贺瑞烁','863',0,0,1.53,38922.27,65275.14,'',0,0),(865,0,'忧伤的西瓜','仲孙悦娇','864',0,0,8.48,79707.98,847.45,'',0,0),(866,0,'害怕的刷碗','雍紫筠','865',0,0,79921.73,6921.50,96.39,'',0,0),(867,0,'苦恼的哈密瓜','伏军奇','866',0,0,30.83,79376.35,6900.70,'',0,0),(868,0,'愤怒的刷碗','景澜学','867',0,0,508083.23,2.24,33.15,'',0,0),(869,0,'紧张的空调','尹毓紫','868',0,0,14.12,400991.69,96584.19,'',0,0),(870,0,'紧张的桃子','朱育广','869',0,0,2451.25,733.91,53228.25,'',0,0),(871,0,'愤怒的椰子','阙霞彪','870',0,0,26034.04,960.30,629285.43,'',0,0),(872,0,'开心的学习','韩心素','871',0,0,3.36,37.76,9.24,'',0,0),(873,0,'紧张的哈密瓜','申屠融刚','872',0,0,42.80,64.52,8.07,'',0,0),(874,0,'忧伤的榴莲','从希丹','873',0,0,3252.97,4739.31,261557.51,'',0,0),(875,0,'开心的石榴','彭永云','874',0,0,399.90,98.60,32.14,'',0,0),(876,0,'愤怒的百香果','金璐纯','875',0,0,6.09,4.24,2844.72,'',0,0),(877,0,'开心的苹果','宗政辉荣','876',0,0,796067.65,4.61,9.08,'',0,0),(878,0,'苦恼的哈密瓜','诸言柔','877',0,0,2.20,1.26,9.95,'',0,0),(879,0,'害怕的西瓜','田睿政','878',0,0,697.83,51404.82,92.81,'',0,0),(880,0,'愤怒的刷碗','韩琦榕','879',0,0,950.83,5.83,7063.63,'',0,0),(881,0,'忧伤的电冰箱','方友子','880',0,0,11433.10,759.22,976480.18,'',0,0),(882,0,'愤怒的苹果','范馨明','881',0,0,47703.15,13.82,4138.25,'',0,0),(883,0,'苦恼的百香果','寿香巧','882',0,0,21.10,513203.56,34386.27,'',0,0),(884,0,'苦恼的电冰箱','荆志韵','883',0,0,421.77,276947.81,190.09,'',0,0),(885,0,'愤怒的鲜枣','单于宇生','884',0,0,59998.01,8282.45,1429.38,'',0,0),(886,0,'快乐的电冰箱','蒲星之','885',0,0,511694.99,40411.96,73.13,'',0,0),(887,0,'紧张的刷碗','石真霄','886',0,0,13.09,5761.84,655.01,'',0,0),(888,0,'苦恼的榴莲','樊紫红','887',0,0,15231.47,2621.91,77777.92,'',0,0),(889,0,'快乐的吃饭','逄月萍','888',0,0,15440.53,6.53,583941.19,'',0,0),(890,0,'快乐的西瓜','江纯阅','889',0,0,348.34,9.68,1.25,'',0,0),(891,0,'忧伤的椰子','步清英','890',0,0,76080.47,74.97,940.40,'',0,0),(892,0,'苦恼的百香果','柯腾宽','891',0,0,604902.72,4075.33,3471.57,'',0,0),(893,0,'开心的哈密瓜','萧雄滢','892',0,0,11414.48,334.98,517.51,'',0,0),(894,0,'激动的苹果','伏达蕊','893',0,0,731780.23,9.40,930350.82,'',0,0),(895,0,'开心的电冰箱','寇海君','894',0,0,7791.85,40991.39,188792.02,'',0,0),(896,0,'快乐的学习','龙风小','895',0,0,53487.20,7389.15,63.32,'',0,0),(897,0,'害怕的椰子','虞琴生','896',0,0,218.76,7628.13,1.01,'',0,0),(898,0,'开心的扫地','凤桦宁','897',0,0,5.69,68472.93,531720.39,'',0,0),(899,0,'苦恼的百香果','周清振','898',0,0,8.03,17088.68,882059.82,'',0,0),(900,0,'害怕的吃饭','任振浩','899',0,0,6.21,3.88,3.50,'',0,0),(901,0,'苦恼的椰子','尹斌奇','900',0,0,490964.55,56.76,96227.19,'',0,0),(902,0,'苦恼的哈密瓜','师嘉良','901',0,0,87054.50,99728.92,812054.22,'',0,0),(903,0,'快乐的刷碗','逄心昭','902',0,0,742865.72,6.68,45043.82,'',0,0),(904,0,'激动的吃饭','利融炎','903',0,0,513.51,8433.17,14890.11,'',0,0),(905,0,'紧张的扫地','傅生华','904',0,0,9.76,96364.10,851028.87,'',0,0),(906,0,'愤怒的榴莲','申以邦','905',0,0,54.83,528.02,808369.53,'',0,0),(907,0,'激动的石榴','封盛勇','906',0,0,679676.03,84756.51,9158.73,'',0,0),(908,0,'害怕的桃子','禄玛琦','907',0,0,27.08,40879.49,921360.70,'',0,0),(909,0,'害怕的吃饭','连勤环','908',0,0,428262.72,0.26,9.24,'',0,0),(910,0,'苦恼的西瓜','夏侯凡瑗','909',0,0,0.05,7927.52,451.13,'',0,0),(911,0,'快乐的扫地','池娣娣','910',0,0,7.51,5.24,581608.24,'',0,0),(912,0,'紧张的电冰箱','习乐军','911',0,0,0.84,618634.57,276976.22,'',0,0),(913,0,'害怕的空调','司空婵绿','912',0,0,4152.15,2238.07,76.67,'',0,0),(914,0,'忧伤的百香果','皇甫峰倩','913',0,0,0.45,660186.86,53944.59,'',0,0),(915,0,'紧张的鲜枣','窦冠东','914',0,0,3616.40,703.31,386.72,'',0,0),(916,0,'激动的学习','庄诚绍','915',0,0,290.20,82.17,88461.95,'',0,0),(917,0,'快乐的鲜枣','陶晓全','916',0,0,0.17,806620.70,1888.44,'',0,0),(918,0,'害怕的石榴','景鸿阅','917',0,0,61298.18,50703.22,57207.31,'',0,0),(919,0,'害怕的百香果','温君行','918',0,0,616300.56,78.77,34523.52,'',0,0),(920,0,'忧伤的哈密瓜','冉涛谦','919',0,0,947386.12,809367.01,988320.58,'',0,0),(921,0,'苦恼的百香果','支博启','920',0,0,22729.07,88887.83,44.05,'',0,0),(922,0,'苦恼的吃饭','姚羽萱','921',0,0,6.25,51881.82,94997.46,'',0,0),(923,0,'苦恼的刷碗','房保阅','922',0,0,94917.90,2524.09,14591.02,'',0,0),(924,0,'紧张的扫地','宇文荣祥','923',0,0,8453.91,118.46,85094.09,'',0,0),(925,0,'害怕的椰子','文姬瑶','924',0,0,429.28,25.85,15768.40,'',0,0),(926,0,'开心的榴莲','凤凡平','925',0,0,91.25,493901.69,30.66,'',0,0),(927,0,'忧伤的西瓜','叶翠舒','926',0,0,0.88,174507.15,99.06,'',0,0),(928,0,'紧张的榴莲','葛桦英','927',0,0,29.03,685.76,96637.91,'',0,0),(929,0,'愤怒的石榴','谈丹佳','928',0,0,7988.82,30.91,1.87,'',0,0),(930,0,'开心的西瓜','国晴伦','929',0,0,6.49,1.36,31306.57,'',0,0),(931,0,'苦恼的哈密瓜','陆菊瑞','930',0,0,75.30,1.40,314.34,'',0,0),(932,0,'愤怒的西瓜','党珊瑞','931',0,0,737700.93,75726.96,3.52,'',0,0),(933,0,'愤怒的百香果','裘睿敬','932',0,0,3671.92,17.42,8267.98,'',0,0),(934,0,'开心的扫地','韦翔馨','933',0,0,48666.86,2.24,651.00,'',0,0),(935,0,'开心的榴莲','霍先曼','934',0,0,379.30,145.03,3013.37,'',0,0),(936,0,'忧伤的苹果','乔利岚','935',0,0,358195.62,8.78,174729.74,'',0,0),(937,0,'开心的空调','寇容春','936',0,0,88685.33,3.82,1.45,'',0,0),(938,0,'忧伤的百香果','夏侯家进','937',0,0,6026.53,26555.50,485012.54,'',0,0),(939,0,'苦恼的吃饭','耿国永','938',0,0,677.49,246.67,76.42,'',0,0),(940,0,'紧张的石榴','太叔善桂','939',0,0,4.69,91.91,1243.47,'',0,0),(941,0,'快乐的哈密瓜','方勤钧','940',0,0,86296.84,669966.06,355710.68,'',0,0),(942,0,'愤怒的吃饭','龙士友','941',0,0,92.82,2234.41,77.32,'',0,0),(943,0,'紧张的扫地','雷武爱','942',0,0,9274.67,6716.46,78.62,'',0,0),(944,0,'愤怒的吃饭','鲁鸣曼','943',0,0,3.06,847323.84,8.20,'',0,0),(945,0,'苦恼的苹果','向栋珠','944',0,0,336313.23,8121.49,86808.41,'',0,0),(946,0,'开心的桃子','宗厚蓉','945',0,0,21431.17,711126.70,149951.98,'',0,0),(947,0,'害怕的学习','龙翔云','946',0,0,8.30,2.22,5186.09,'',0,0),(948,0,'激动的空调','褚以荷','947',0,0,817.95,9792.52,721208.12,'',0,0),(949,0,'紧张的哈密瓜','莫士良','948',0,0,62407.31,4988.02,210121.89,'',0,0),(950,0,'苦恼的西瓜','胥睿亚','949',0,0,780659.42,2578.72,4.64,'',0,0),(951,0,'快乐的鲜枣','谭龙健','950',0,0,3.24,47870.30,68.76,'',0,0),(952,0,'快乐的电冰箱','袁滢之','951',0,0,492.02,7249.75,52145.04,'',0,0),(953,0,'激动的电冰箱','翟忠珠','952',0,0,1136.53,3.47,467.27,'',0,0),(954,0,'苦恼的椰子','郭梵航','953',0,0,35811.09,2.13,15342.53,'',0,0),(955,0,'激动的苹果','蔡山环','954',0,0,4796.81,9.14,37.64,'',0,0),(956,0,'害怕的鲜枣','向岚奇','955',0,0,8.48,8.07,7.38,'',0,0),(957,0,'愤怒的苹果','文宝钧','956',0,0,800161.52,23.91,492860.44,'',0,0),(958,0,'激动的西瓜','弘晴娥','957',0,0,7291.16,9.90,90.19,'',0,0),(959,0,'快乐的哈密瓜','宗政贵阅','958',0,0,734974.18,824254.94,1.55,'',0,0),(960,0,'激动的扫地','童瑞钧','959',0,0,656.01,6481.07,86.66,'',0,0),(961,0,'苦恼的电冰箱','关晓琬','960',0,0,77.99,2691.92,3.31,'',0,0),(962,0,'快乐的扫地','寇之固','961',0,0,5811.37,547.31,90282.41,'',0,0),(963,0,'快乐的吃饭','司徒心茂','962',0,0,8.37,453894.50,613906.29,'',0,0),(964,0,'苦恼的榴莲','湛程子','963',0,0,848.66,761.01,86245.00,'',0,0),(965,0,'紧张的空调','濮阳云霭','964',0,0,675.77,163054.93,3.60,'',0,0),(966,0,'忧伤的西瓜','孟善朗','965',0,0,8.31,853.76,107524.37,'',0,0),(967,0,'愤怒的鲜枣','韦佳琴','966',0,0,18912.46,19.87,482473.96,'',0,0),(968,0,'愤怒的空调','阙荷波','967',0,0,686.97,54.43,98701.24,'',0,0),(969,0,'愤怒的椰子','司徒媚芳','968',0,0,14.67,9.95,8.05,'',0,0),(970,0,'快乐的学习','丁秀伯','969',0,0,62.82,740.71,326646.15,'',0,0),(971,0,'愤怒的椰子','顾世雯','970',0,0,463.67,22.53,723.94,'',0,0),(972,0,'苦恼的空调','广翔贵','971',0,0,740797.58,388.92,776502.20,'',0,0),(973,0,'愤怒的榴莲','蓝士琼','972',0,0,4.50,4182.05,506.65,'',0,0),(974,0,'忧伤的扫地','欧纨仁','973',0,0,7.45,71538.79,9.73,'',0,0),(975,0,'苦恼的百香果','柯蕊宝','974',0,0,304429.56,7.18,27240.41,'',0,0),(976,0,'愤怒的鲜枣','雷蓉玛','975',0,0,21047.32,97.82,994.84,'',0,0),(977,0,'苦恼的扫地','冉苑榕','976',0,0,7975.98,949921.71,7442.81,'',0,0),(978,0,'激动的刷碗','淳于乐维','977',0,0,928315.19,56.13,510924.22,'',0,0),(979,0,'忧伤的空调','林康斌','978',0,0,1579.30,87332.52,647.36,'',0,0),(980,0,'愤怒的百香果','鲍国娅','979',0,0,146.84,21.61,57227.68,'',0,0),(981,0,'苦恼的百香果','荆小翰','980',0,0,63532.32,97410.26,3.45,'',0,0),(982,0,'紧张的石榴','从贵莉','981',0,0,39.70,4508.63,475.63,'',0,0),(983,0,'开心的榴莲','苗玉雅','982',0,0,80197.16,819709.16,9.26,'',0,0),(984,0,'快乐的西瓜','古琼蝶','983',0,0,4.87,859.70,19574.11,'',0,0),(985,0,'苦恼的石榴','诸葛承薇','984',0,0,234670.20,3.07,89500.91,'',0,0),(986,0,'愤怒的桃子','诸春琦','985',0,0,501824.54,43.18,30723.68,'',0,0),(987,0,'苦恼的哈密瓜','徐思哲','986',0,0,59428.56,7036.14,0.52,'',0,0),(988,0,'快乐的榴莲','娄岚蓓','987',0,0,242.99,8.48,20797.42,'',0,0),(989,0,'激动的电冰箱','许绍鸿','988',0,0,0.62,9.09,118271.42,'',0,0),(990,0,'害怕的吃饭','昌亨菊','989',0,0,503.18,5134.99,3.44,'',0,0),(991,0,'愤怒的桃子','汪妮绿','990',0,0,32.27,672905.79,16.84,'',0,0),(992,0,'快乐的哈密瓜','宋黛怡','991',0,0,4.53,931.84,44.10,'',0,0),(993,0,'害怕的刷碗','莘发维','992',0,0,69282.37,457403.06,2.93,'',0,0),(994,0,'激动的刷碗','仇国德','993',0,0,977.91,452.55,17710.14,'',0,0),(995,0,'害怕的百香果','终堂恒','994',0,0,4.12,1724.24,8.94,'',0,0),(996,0,'忧伤的扫地','申屠菊坚','995',0,0,66601.33,84.61,2287.65,'',0,0),(997,0,'紧张的扫地','宣美璧','996',0,0,955.61,8.12,3494.12,'',0,0),(998,0,'紧张的哈密瓜','华裕旭','997',0,0,9.70,7584.58,7.15,'',0,0),(999,0,'快乐的苹果','袁娥蕊','998',0,0,977628.83,765.57,6563.94,'',0,0),(1000,0,'苦恼的石榴','文浩筠','999',0,0,6717.81,2209.98,3149.45,'',0,0),(1001,0,'开心的吃饭','曹建颖','1000',0,0,542044.82,7173.30,277.37,'',0,0),(1002,0,'激动的石榴','尉迟晨龙','13122',0,0,0.00,0.00,0.00,'',0,0),(1003,0,'','','06346990847',0,0,0.00,0.00,0.00,'',0,0),(1004,0,'','','4444',0,0,0.00,0.00,0.00,'',0,0),(1005,0,'','','2222',0,0,0.00,0.00,0.00,'',0,0),(1006,0,'','','3333',0,0,0.00,0.00,0.00,'',0,0),(1007,0,'','','2333',0,0,0.00,0.00,0.00,'',0,0),(1008,0,'','','7412222',0,0,0.00,0.00,0.00,'',0,0),(1009,0,'','','3344',0,0,0.00,0.00,0.00,'',0,0),(1010,0,'','陈方正','33445',1,0,0.00,0.00,0.00,'',0,0),(1011,0,'','郭松田','73617495',1,0,0.00,0.00,0.00,'',1485325286,0),(1012,0,'','虽说是2','7788',2,0,0.00,0.00,0.00,'',1485325417,0),(1013,0,'','虽说是2','9900',1,0,0.00,0.00,0.00,'',1485325508,0),(1014,0,'','王企鹅','9900123',1,0,0.00,0.00,0.00,'',1485325621,0),(1015,0,'','郭松田','2147483647',1,0,0.00,0.00,0.00,'',1485406378,0),(1016,0,'','郭松田','18663483550',1,0,0.00,0.00,0.00,'',1485406575,0),(1017,0,'','陈婧','18663499039',0,0,0.00,0.00,0.00,'',1485518719,0),(1018,0,'','郭凤忠','18660873952',1,0,0.00,0.00,0.00,'',1485518914,0),(1019,0,'','何文卿','18953217515',1,0,0.00,0.00,0.00,'',1485941809,0),(1020,0,'','陈超','18660251297',1,0,0.00,0.00,0.00,'',1486005454,0);
/*!40000 ALTER TABLE `user` ENABLE KEYS */;
UNLOCK TABLES;

--
-- Table structure for table `xiaci`
--

DROP TABLE IF EXISTS `xiaci`;
/*!40101 SET @saved_cs_client     = @@character_set_client */;
/*!40101 SET character_set_client = utf8 */;
CREATE TABLE `xiaci` (
  `xiaci_id` tinyint(3) unsigned NOT NULL AUTO_INCREMENT COMMENT '瑕疵id',
  `xiaci_name` varchar(255) NOT NULL DEFAULT '' COMMENT '瑕疵名称',
  `status` tinyint(3) NOT NULL DEFAULT '1' COMMENT '状态 1-启用 0-删除',
  `add_time` int(10) unsigned NOT NULL DEFAULT '0' COMMENT '添加时间',
  `update_time` int(10) unsigned NOT NULL DEFAULT '0' COMMENT '修改时间',
  PRIMARY KEY (`xiaci_id`)
) ENGINE=InnoDB AUTO_INCREMENT=53 DEFAULT CHARSET=utf8;
/*!40101 SET character_set_client = @saved_cs_client */;

--
-- Dumping data for table `xiaci`
--

LOCK TABLES `xiaci` WRITE;
/*!40000 ALTER TABLE `xiaci` DISABLE KEYS */;
INSERT INTO `xiaci` VALUES (1,'而我',0,1485100066,1485100093),(2,'瑕疵测试1',1,1485100124,0),(3,'瑕疵测试2',1,1485100124,0),(4,'瑕疵测试3',1,1485100124,0),(5,'瑕疵测试4',1,1485100124,0),(6,'瑕疵测试5',1,1485100124,0),(7,'瑕疵测试6',1,1485100124,0),(8,'瑕疵测试7',1,1485100124,0),(9,'瑕疵测试8',1,1485100124,0),(10,'瑕疵测试9',1,1485100124,0),(11,'瑕疵测试10',1,1485100124,0),(12,'瑕疵测试11',1,1485100124,0),(13,'瑕疵测试12',1,1485100124,0),(14,'瑕疵测试13',1,1485100124,0),(15,'瑕疵测试14',1,1485100124,0),(16,'瑕疵测试15',1,1485100124,0),(17,'瑕疵测试16',1,1485100124,0),(18,'瑕疵测试17',1,1485100124,0),(19,'瑕疵测试18',1,1485100124,0),(20,'瑕疵测试19',1,1485100124,0),(21,'瑕疵测试20',1,1485100124,0),(22,'瑕疵测试21',1,1485100124,0),(23,'瑕疵测试22',1,1485100124,0),(24,'瑕疵测试23',1,1485100124,0),(25,'瑕疵测试24',1,1485100124,0),(26,'瑕疵测试25',1,1485100124,0),(27,'瑕疵测试26',1,1485100124,0),(28,'瑕疵测试27',1,1485100124,0),(29,'瑕疵测试28',1,1485100124,0),(30,'瑕疵测试29',1,1485100124,0),(31,'瑕疵测试30',1,1485100124,0),(32,'瑕疵测试31',1,1485100124,0),(33,'瑕疵测试32',1,1485100124,0),(34,'瑕疵测试33',1,1485100124,0),(35,'瑕疵测试34',1,1485100124,0),(36,'瑕疵测试35',1,1485100124,0),(37,'瑕疵测试36',1,1485100124,0),(38,'瑕疵测试37',1,1485100124,0),(39,'瑕疵测试38',1,1485100124,0),(40,'瑕疵测试39',1,1485100124,0),(41,'瑕疵测试40',1,1485100124,0),(42,'瑕疵测试41',1,1485100124,0),(43,'瑕疵测试42',1,1485100124,0),(44,'瑕疵测试43',1,1485100124,0),(45,'瑕疵测试44',1,1485100124,0),(46,'瑕疵测试45',1,1485100124,0),(47,'瑕疵测试46',1,1485100124,0),(48,'瑕疵测试47',1,1485100124,0),(49,'瑕疵测试48',1,1485100124,0),(50,'瑕疵测试49',1,1485100124,0),(51,'瑕疵测试50水电费',0,1485100124,1485100135),(52,'请问',1,1485100141,0);
/*!40000 ALTER TABLE `xiaci` ENABLE KEYS */;
UNLOCK TABLES;

--
-- Table structure for table `xiaoguo`
--

DROP TABLE IF EXISTS `xiaoguo`;
/*!40101 SET @saved_cs_client     = @@character_set_client */;
/*!40101 SET character_set_client = utf8 */;
CREATE TABLE `xiaoguo` (
  `xiaoguo_id` tinyint(3) unsigned NOT NULL AUTO_INCREMENT COMMENT '洗后效果id',
  `xiaoguo_name` varchar(255) NOT NULL DEFAULT '' COMMENT '洗后效果名称',
  `status` tinyint(3) NOT NULL DEFAULT '1' COMMENT '状态 1-启用 0-删除',
  `add_time` int(10) unsigned NOT NULL DEFAULT '0' COMMENT '添加时间',
  `update_time` int(10) unsigned NOT NULL DEFAULT '0' COMMENT '修改时间',
  PRIMARY KEY (`xiaoguo_id`)
) ENGINE=InnoDB AUTO_INCREMENT=53 DEFAULT CHARSET=utf8;
/*!40101 SET character_set_client = @saved_cs_client */;

--
-- Dumping data for table `xiaoguo`
--

LOCK TABLES `xiaoguo` WRITE;
/*!40000 ALTER TABLE `xiaoguo` DISABLE KEYS */;
INSERT INTO `xiaoguo` VALUES (1,'撒旦法大师傅',0,1485100156,1485100162),(2,'洗后效果测试1',1,1485100166,0),(3,'洗后效果测试2',1,1485100166,0),(4,'洗后效果测试3',1,1485100166,0),(5,'洗后效果测试4',1,1485100166,0),(6,'洗后效果测试5',1,1485100166,0),(7,'洗后效果测试6',1,1485100166,0),(8,'洗后效果测试7',1,1485100166,0),(9,'洗后效果测试8',1,1485100166,0),(10,'洗后效果测试9',1,1485100166,0),(11,'洗后效果测试10',1,1485100166,0),(12,'洗后效果测试11',1,1485100166,0),(13,'洗后效果测试12',1,1485100166,0),(14,'洗后效果测试13',1,1485100166,0),(15,'洗后效果测试14',1,1485100166,0),(16,'洗后效果测试15',1,1485100166,0),(17,'洗后效果测试16',1,1485100166,0),(18,'洗后效果测试17',1,1485100166,0),(19,'洗后效果测试18',1,1485100166,0),(20,'洗后效果测试19',1,1485100166,0),(21,'洗后效果测试20',1,1485100166,0),(22,'洗后效果测试21',1,1485100166,0),(23,'洗后效果测试22',1,1485100166,0),(24,'洗后效果测试23',1,1485100166,0),(25,'洗后效果测试24',1,1485100166,0),(26,'洗后效果测试25',1,1485100166,0),(27,'洗后效果测试26',1,1485100166,0),(28,'洗后效果测试27',1,1485100166,0),(29,'洗后效果测试28',1,1485100166,0),(30,'洗后效果测试29',1,1485100166,0),(31,'洗后效果测试30',1,1485100166,0),(32,'洗后效果测试31',1,1485100166,0),(33,'洗后效果测试32',1,1485100166,0),(34,'洗后效果测试33',1,1485100166,0),(35,'洗后效果测试34',0,1485100166,1485100188),(36,'洗后效果测试35',0,1485100166,1485100181),(37,'洗后效果测试36',1,1485100166,0),(38,'洗后效果测试37',1,1485100166,0),(39,'洗后效果测试38',1,1485100166,0),(40,'洗后效果测试39',1,1485100166,0),(41,'洗后效果测试40',1,1485100166,0),(42,'洗后效果测试41',1,1485100166,0),(43,'洗后效果测试42',1,1485100166,0),(44,'洗后效果测试43',1,1485100166,0),(45,'洗后效果测试44',1,1485100166,0),(46,'洗后效果测试45',1,1485100166,0),(47,'洗后效果测试46',1,1485100166,0),(48,'洗后效果测试47',1,1485100166,0),(49,'洗后效果测试48',1,1485100166,0),(50,'洗后效果测试49',1,1485100166,0),(51,'洗后效果测试50大法官',1,1485100166,1485100171),(52,'给对方',1,1485100196,0);
/*!40000 ALTER TABLE `xiaoguo` ENABLE KEYS */;
UNLOCK TABLES;
/*!40103 SET TIME_ZONE=@OLD_TIME_ZONE */;

/*!40101 SET SQL_MODE=@OLD_SQL_MODE */;
/*!40014 SET FOREIGN_KEY_CHECKS=@OLD_FOREIGN_KEY_CHECKS */;
/*!40014 SET UNIQUE_CHECKS=@OLD_UNIQUE_CHECKS */;
/*!40101 SET CHARACTER_SET_CLIENT=@OLD_CHARACTER_SET_CLIENT */;
/*!40101 SET CHARACTER_SET_RESULTS=@OLD_CHARACTER_SET_RESULTS */;
/*!40101 SET COLLATION_CONNECTION=@OLD_COLLATION_CONNECTION */;
/*!40111 SET SQL_NOTES=@OLD_SQL_NOTES */;

-- Dump completed on 2017-03-17 21:24:06
